,Hx,Hy,Hz,Rx,Ry,Rz,Lx,Ly,Lz,RRx,RRy,RRz,LRx,LRy,LRz
0,-0.014791955102564088,-0.007032794871794861,0.01900506794871796,-0.0009590360256410242,0.008669272152564099,0.009510789743589747,-0.0006632703846153798,-0.004464302679487178,0.003228128205128209,0.8382053082904085,0.4936521972917383,1.7159072425935205,0.30541779775276295,-0.3354666082019923,0.1062394167288715
1,-0.015262167282051277,-0.007376410256410255,0.01955051794871795,-0.0008229080769230755,0.010570967782051275,0.010828879487179489,-0.00072456653846153,-0.004729449564102565,0.003245780769230769,0.837348532700665,0.4967897267789178,1.7250801656704435,0.3075602448040449,-0.33522310820199225,0.10652326288271766
2,-0.0156886987179487,-0.0077858076923076735,0.020174651282051287,-0.0007732912820512838,0.013193129243589738,0.012429106410256413,-0.000801451025641016,-0.004989656346153847,0.0032532487179487077,0.8369697823673314,0.5022421306250715,1.7344820759268538,0.309882436855327,-0.3357633902532744,0.10670735262630743
3,-0.016093120275641023,-0.00818347435897436,0.020768350000000005,-0.0008790679487179448,0.016568744294871793,0.01425481025641027,-0.0008990742307692375,-0.005213232028205127,0.003311282051282046,0.9982459357263058,0.5093805767789178,1.7460887425935203,0.3118985641630194,-0.3362525825609667,0.10680141672887149
4,-0.016659000526923068,-0.008465794871794882,0.021600517948717955,-0.0009922373076923087,0.020712993551282057,0.016311974358974368,-0.0009880805128205023,-0.005399693597435897,0.003347076923076928,0.9987093326493829,0.5167125216507127,1.757690050285828,0.3137754564707117,-0.33677391589429995,0.10692164749810228
5,-0.01697961690641025,-0.008830397435897456,0.02221165256410257,-0.001252674230769219,0.025801576628205123,0.01895423205128206,-0.0010409414102564055,-0.005533883402564104,0.003360265384615383,0.9990112513673315,0.5249184524199435,1.7712206913114688,0.315395232880968,-0.33707814666353075,0.10731390390835865
6,-0.017219509482051285,-0.009070999999999994,0.02276396538461538,-0.0013509617948717846,0.031215140474358975,0.02140002051282052,-0.0010948316666666647,-0.0056366944705128225,0.003369008974358976,1.0007257925211779,0.5290855831891742,1.7843998836191612,0.3166727380091732,-0.33779231333019744,0.10755189108784588
7,-0.017360391117948713,-0.009262807692307695,0.023429857692307692,-0.0015122961538461509,0.038145074961538454,0.024255837179487184,-0.0011672753846153757,-0.0056795961064102585,0.0034185448717948784,1.003016507905793,0.5343029703686615,1.800193460542239,0.31767664493225,-0.33866524922763336,0.10779344236989714
8,-0.017480949553846145,-0.009437833333333345,0.02412819358974359,-0.0014917384615384516,0.04579782034615384,0.026979432051282053,-0.0012226655128205108,-0.0057101546205128185,0.003447501282051285,1.0032281991878444,0.5419092395994306,1.814758306696085,0.3184840469835321,-0.3398765056378898,0.10743137826733307
9,-0.017645558492820502,-0.009583858974358966,0.02483636153846154,-0.0014086724358974261,0.053898587782051276,0.029654488461538467,-0.0012825279487179446,-0.005739032979487181,0.003479137179487173,1.0015566294442546,0.549051201137892,1.828625396439674,0.31926380198353216,-0.3407090825609666,0.10728464749810229
10,-0.017747305717948716,-0.009719948717948705,0.025429315384615386,-0.0011152339743589672,0.062153931371794875,0.032447864102564096,-0.001329400512820502,-0.005748769783333331,0.003539671794871793,0.9991763993160497,0.5556642395994306,1.8397756272089048,0.31990157890660914,-0.3412519928173769,0.10725364749810226
11,-0.017882859641025643,-0.009724448717948721,0.026101512820512828,-0.0008067360256410227,0.07135896085897436,0.035689989743589744,-0.0013383093589743522,-0.005747326829487181,0.0035813346153846146,1.07559343358528,0.5605865857532768,1.8514682297730076,0.32032050800917317,-0.3408480825609666,0.10722021160066639
12,-0.01801212178205127,-0.00967717948717948,0.026659942307692315,-0.0003015324358974246,0.08027134644871795,0.03885930128205128,-0.0013410210256410177,-0.005717344188461537,0.0036200807692307667,1.2340381609698956,0.5631142011378921,1.8595027682345464,0.3204783674963527,-0.34060764666353077,0.10752251929297407
13,-0.018105287660256403,-0.009512397435897428,0.027390242307692308,0.00031246179487180476,0.09003179797435897,0.04281300897435898,-0.001352192564102556,-0.0056608435474359,0.003623488461538458,1.3916678181878699,0.5628307780609692,1.8677968195165973,0.3205243587784039,-0.34099776204814614,0.10765633980579459
14,-0.018276221256410253,-0.00929544871794872,0.028159920512820527,0.0008033015384615452,0.09959293957564103,0.0469081217948718,-0.0013575769230769249,-0.005598168017948717,0.0035905089743589794,1.6285689294955368,0.5611874319071228,1.8754735246448024,0.3202992035219937,-0.3419357492276334,0.10778731416476894
15,-0.018430623794871797,-0.009017307692307694,0.028928291025641022,0.0014169561538461516,0.10904161534615384,0.05116034487179488,-0.001368794230769235,-0.005533065744871798,0.003567867948717947,1.7051146768801517,0.5607789319071229,1.8814574477217252,0.31991499698353215,-0.34324853127891547,0.10772687826733307
16,-0.018523575115384605,-0.008756346153846142,0.02974719871794872,0.0021006901282051337,0.11799089137179486,0.05597343333333335,-0.0013625653846153778,-0.005466707960769231,0.003566791025641024,1.7017344022134853,0.5588418806250716,1.885686704131982,0.31952966608609634,-0.3441004671763513,0.10758049365194843
17,-0.018587871384615373,-0.008472320512820507,0.03058343461538462,0.0029569574358974337,0.12737521226923076,0.06117623333333336,-0.0013047462820512741,-0.005410561798717948,0.003549189743589745,1.7789039971314338,0.5605946370353282,1.8882181143883925,0.31903777082968604,-0.3441793646122487,0.10761427570323044
18,-0.018650144025641028,-0.008100589743589756,0.03149978846153847,0.003795659230769239,0.1363416285512821,0.0667309294871795,-0.0012818394871794846,-0.005354191716666667,0.003547684615384613,1.9376360040339984,0.5605502267789177,1.8904868195165971,0.31868021813737835,-0.344453992817377,0.10753525006220485
19,-0.018700298205128196,-0.007740320512820515,0.0324302935897436,0.004965669230769229,0.14484712944871797,0.07240018205128207,-0.0012428387179487163,-0.005302657969230772,0.003503337179487184,2.096304350354511,0.5596250344712255,1.8913398579781358,0.31808490595789113,-0.34465065948404355,0.10733163467758942
20,-0.018789180653846143,-0.007402217948717942,0.03341726794871796,0.006118220256410267,0.15332061073076922,0.07862528076923078,-0.0012009210256410155,-0.005236210660256411,0.00352921666666667,2.1751858716109216,0.5572659831891742,1.8926350759268542,0.31768700941942957,-0.3452390312789153,0.10693487826733304
21,-0.018858495358974353,-0.007095705128205138,0.034311442307692314,0.007059095512820515,0.16060147867948715,0.08459166923076925,-0.001184975128205117,-0.00515281810769231,0.0035826128205128263,2.0938643900339984,0.5542877780609692,1.8941731015678793,0.3173029400604553,-0.34607344153532565,0.10637101929297409
22,-0.018913628871794867,-0.006826987179487183,0.0353996,0.008257342564102564,0.16788078393589742,0.0912308641025641,-0.0011284446153846115,-0.005125930594871797,0.0036201115384615376,2.173697263123742,0.5512816754968666,1.8938735631063417,0.31682059365019877,-0.3464679928173769,0.10584313467758937
23,-0.018948309858974357,-0.0065237435897435875,0.036507328205128205,0.00948774692307693,0.1746002779102564,0.0981847730769231,-0.0010363761538461443,-0.005124369166666667,0.0036315987179487263,2.0925471317839985,0.5475119831891742,1.8922979349012126,0.3164827983937886,-0.3470892876891718,0.10528877570323047
24,-0.01896011007692307,-0.006324794871794859,0.03759656282051282,0.010614584358974359,0.1806526206025641,0.10511233846153846,-0.000957121923076917,-0.005096846782051283,0.0036444230769230776,2.1721957300083568,0.5440908549840461,1.8908147682345464,0.31612632352199366,-0.34744286461224877,0.10475850647246122
25,-0.019080607179487168,-0.006097371794871784,0.03889751923076924,0.011917380769230771,0.1860233813717949,0.11235268333333333,-0.0008664587179487132,-0.005075574653846154,0.0037187987179487193,2.1708192254032292,0.5408250216507126,1.8886821015678794,0.3159748351886604,-0.34804786461224885,0.10383096801092283
26,-0.019039173717948714,-0.00598066666666666,0.0401610512820513,0.013260864230769233,0.19101201316666666,0.12022912179487182,-0.0007651434615384598,-0.005063708743589744,0.0037992935897435878,2.089035117551819,0.536989181907123,1.8856151272089057,0.31581404006045527,-0.3482765440994282,0.10286957057502541
27,-0.019017293333333324,-0.005855384615384598,0.0413911641025641,0.014457966410256411,0.19542759752564104,0.12811401538461537,-0.0007041425641025591,-0.005017137692307693,0.003877066666666665,2.1686188610981008,0.5336131203686615,1.8823599605422385,0.3158036931373783,-0.34922576204814615,0.10187637826733306
28,-0.01898495833333333,-0.005753641025641027,0.0426251653846154,0.015725846538461544,0.19931795932051286,0.13590063589743587,-0.0006024073076923002,-0.00500949417948718,0.003928942307692307,2.167670480662204,0.5301522024199433,1.879059614388392,0.3153996145476347,-0.35003228768917183,0.10075664749810229
29,-0.018905639102564098,-0.00566082051282051,0.04387090641025642,0.01702553205128206,0.20248769624358973,0.1438999858974359,-0.0005266021794871731,-0.004986668846153849,0.004021279487179485,2.087528718251947,0.5268703216507128,1.876738575926854,0.3151132214707117,-0.3511555697404538,0.09973654493399978
30,-0.018809168333333327,-0.005545307692307681,0.04508065769230769,0.01820391397435898,0.20515518637179483,0.15169747307692305,-0.0004587065384615363,-0.004925847076923079,0.004112192307692309,2.0073075526750244,0.5236200062660975,1.8739608451576235,0.3147465940348142,-0.35176224922763333,0.09892966031861507
31,-0.01867016692307692,-0.005480871794871798,0.046439978205128206,0.019436761923076935,0.20712394701282053,0.1602652487179487,-0.0003442766666666636,-0.004866802410256411,0.004205911538461536,2.0075197372391265,0.520026599855841,1.8706427938755719,0.3143594795476347,-0.35212455691994105,0.09799899365194839
32,-0.018554158717948716,-0.005418794871794854,0.047820417948717955,0.020670094743589752,0.20879259996153843,0.16864041282051281,-0.000225852435897438,-0.00481472648717949,0.004307241025641031,1.9277641193519468,0.5162926229327641,1.8660253195165972,0.3140380169835321,-0.3519269799968641,0.09722159621605096
33,-0.018405175897435896,-0.005420782051282053,0.0492108858974359,0.021790100000000007,0.2094342721410256,0.17703309230769235,-8.039115384614708e-05,-0.00480002692307692,0.004414835897435902,1.847661327610922,0.513091663958405,1.860847319516597,0.3136303032655835,-0.35168014666353076,0.09641508339553817
34,-0.01824786153846153,-0.005443179487179479,0.050689608974358986,0.0230470526923077,0.2100001016282051,0.18523017820512822,-1.121794871794557e-05,-0.004740122512820515,0.004516957692307692,1.8491624657263064,0.5094682831891743,1.8565189477217257,0.31325457749635266,-0.35216954409942813,0.09557539108784588
35,-0.01806594974358974,-0.005445217948717947,0.05216399871794872,0.02406897692307693,0.20995966124358972,0.19360133589743592,2.176205128206438e-05,-0.004687048346153845,0.004636757692307689,1.850784318931434,0.5057805152404561,1.8512583195165975,0.3129674903168655,-0.3528205697404538,0.0945836859596407
36,-0.01791450282051281,-0.005450256410256407,0.053665078205128204,0.025108636025641028,0.20948974726923078,0.20207704487179487,4.8785641025638286e-05,-0.004653725756410256,0.004680141025641021,1.6917001401391263,0.501392940881482,1.8466719990037768,0.3128142863425065,-0.3539930440994281,0.09361676288271767
37,-0.01767443782051282,-0.005498076923076922,0.05535629743589744,0.026218554743589754,0.20856317932051283,0.2108371064102564,0.00013058961538461929,-0.004568092769230771,0.004814084615384613,1.451238068600665,0.4970982011378921,1.8407060246448026,0.3123753996758399,-0.3550866594840436,0.09210062185707657
38,-0.017500994615384607,-0.0054894615384615325,0.05697396538461538,0.027123083717948717,0.2073671877820513,0.21888621025641028,0.00013241884615385307,-0.004480154628205127,0.00495747564102564,1.2921952179442546,0.49411487806096915,1.8355100631063408,0.3119756950604552,-0.35566683897122314,0.0910315833955381
39,-0.01729131666666666,-0.005502615384615372,0.058597729487179485,0.028181360384615387,0.2061265229102564,0.22691377435897442,0.00017315910256410607,-0.004421704769230769,0.005087380769230768,1.2134911671493829,0.49057873190712287,1.8296953964396743,0.3117501190348142,-0.35631317230455634,0.09011503211348691
40,-0.016964011410256406,-0.0055316282051282,0.06043005128205129,0.029069184102564122,0.20402853137179486,0.2350887897435897,0.00021594320512820944,-0.004338944307692309,0.005265356410256416,1.295881277598101,0.4871671524199435,1.8237662169524946,0.3114670912143014,-0.3570120184584026,0.08903490390835873
41,-0.01665448371794871,-0.005588230769230756,0.062230883333333334,0.029947047948717945,0.20182815060256407,0.24292859615384613,0.00027466679487179427,-0.004297480769230772,0.005388606410256411,1.2174002014186136,0.484226278060969,1.8165341784909566,0.3112725327527629,-0.35721692871481286,0.0880738526263074
42,-0.016323744871794867,-0.005722256410256425,0.06402715512820513,0.030889152564102566,0.19948783162820513,0.2503128961538462,0.0003666885897435944,-0.004279124320512822,0.005501803846153843,0.9772653511622034,0.4818172165225075,1.8092845759268534,0.3110879450604553,-0.3576021082019923,0.0870550577545125
43,-0.015935557948717944,-0.005846448717948702,0.06599957692307694,0.031530792435897445,0.19689441893589746,0.2575121205128205,0.00044588730769231104,-0.004198259038461535,0.00567051923076923,0.6565263667261778,0.47981558575327693,1.8028868707986487,0.31090200903481413,-0.3586837748686589,0.08573530134425605
44,-0.015555753589743584,-0.005997064102564116,0.06797973333333332,0.03235571230769232,0.19429539598717951,0.2644745782051282,0.0004999475641025703,-0.004159451833333332,0.005827847435897435,0.6588646116878445,0.4775773921635332,1.796308268234546,0.31072899454763475,-0.3592655825609667,0.08469427570323049
45,-0.015162838192307676,-0.00616466666666667,0.07008389487179487,0.032989396153846155,0.19154905457692303,0.27113003076923076,0.0005344647435897474,-0.0040908070641025645,0.00599875128205128,0.6614637234314342,0.4752937037019947,1.7897485118242895,0.3106096121117372,-0.3596935056378897,0.08362504493399969
46,-0.014674291717948717,-0.0063308846153846,0.07232682051282052,0.03369586115384615,0.18878770060256406,0.2775966051282051,0.000540112435897432,-0.003987465858974359,0.0062207897435897505,0.5022422149057931,0.4739830178045589,1.7821807169524952,0.310476730829686,-0.3601258005096847,0.08224939108784587
47,-0.014216074666666656,-0.006506846153846153,0.0744768307692308,0.034432163076923074,0.18613053701282048,0.28366504358974365,0.0005791974358974373,-0.003925732564102563,0.006361398717948717,0.5036503828493828,0.4703244767789178,1.7753306656704437,0.3102301168553271,-0.36070782615071023,0.08113528852374326
48,-0.013752635217948709,-0.006681358974358967,0.07670657051282051,0.03518377987179487,0.1835387050897436,0.28913341538461534,0.0006254443589743543,-0.003849252692307694,0.006523102564102571,0.5835402388929725,0.4674383985737896,1.7680819092601872,0.3099923926245578,-0.36147476204814616,0.07999868595964073
49,-0.013245697243589745,-0.006865076923076927,0.07910400256410258,0.0357349276923077,0.18039611842307693,0.29446879487179484,0.0006647756410256393,-0.003713899102564102,0.0067701205128205145,0.5854551175724598,0.4663579793430205,1.7610794861832642,0.30972961134250654,-0.3620964030737872,0.07852781416476894
50,-0.012624033499999987,-0.0070557435897435905,0.08149548333333334,0.0362295082051282,0.17743663149999997,0.29949976025641034,0.0007513229487179518,-0.0036180292820512847,0.006965851282051283,0.5880222714827161,0.4643545178045588,1.7532280374653153,0.3094822327912245,-0.3625654543558384,0.077055096216051
51,-0.012050597461538453,-0.007283782051282046,0.0840107423076923,0.03656729756410257,0.1744611941923077,0.3040872115384615,0.0007786493589743625,-0.0035288873846153843,0.007212264102564098,0.5104423645660494,0.4622797113943024,1.7455511143883926,0.30934803780404496,-0.3629226723045564,0.07553521160066634
52,-0.011448497217948708,-0.007453448717948712,0.08654747564102562,0.03705262653846154,0.17187394637179487,0.3080889423076923,0.0008037562820512836,-0.0033572604487179503,0.007482458974358972,0.5136173790468187,0.460274537035328,1.739577409260187,0.38946990352199373,-0.36336341589430005,0.07401032698528177
53,-0.010777628641025643,-0.007604602564102561,0.08929590897435898,0.03778040205128205,0.16932064393589744,0.31190372948717954,0.0007885202564102556,-0.0031856599487179497,0.007785047435897439,0.4326384776931009,0.46031340883019983,1.7341456528499304,0.38891354441942955,-0.3636993261507103,0.0724234808314356
54,-0.010077237051282039,-0.007738769230769224,0.09205014102564103,0.03825277858974358,0.16674249649999998,0.3154004076923077,0.0008273220512820523,-0.0029800592307692294,0.008051162820512821,0.43325239482887,0.45908584216353315,1.7275838579781355,0.3881839869835321,-0.3639062364071205,0.07067455775451256
55,-0.009376544615384607,-0.007847192307692307,0.09492146538461539,0.038838274871794864,0.1642322715,0.31858208717948716,0.0008249833333333417,-0.0027460203333333328,0.008380279487179482,0.43720925626476753,0.452984963958405,1.7224040118242896,0.387493696727122,-0.3642133133301975,0.06887139108784585
56,-0.00863385915384615,-0.007883397435897431,0.09787938974358976,0.03916566666666666,0.16184154483333332,0.321749226923077,0.0008779469230769316,-0.0024696526153846154,0.008708494871794871,0.5213414758377162,0.448937699855841,1.7162664990037768,0.38677018198353214,-0.3641071338430179,0.06737523724169202
57,-0.007880250435897431,-0.007971538461538433,0.10087817564102565,0.039486411282051284,0.1595843397051282,0.3246850384615384,0.0009049244871794904,-0.0021581719871794866,0.009087839743589742,0.5221386963673315,0.4482107601122512,1.712070434901213,0.3858444285219937,-0.364803197945582,0.06572792954938429
58,-0.007092350756410247,-0.0080069358974359,0.10408192179487177,0.039855673333333334,0.15777592675641022,0.32720251794871796,0.0008028534615384692,-0.0016236312692307702,0.009650257692307694,0.2834275865339982,0.4477870460096871,1.7094053579781354,0.3849432623681475,-0.3655045312789154,0.06388445519041
59,-0.006180303102564095,-0.007988871794871791,0.1073212346153846,0.04013945615384616,0.15593851714102563,0.32936605384615386,0.0008537675641025694,-0.0012427414102564116,0.010093370512820514,0.2883240320083571,0.44650823575327675,1.7069352810550589,0.3839355114707116,-0.36595813384301795,0.061927711600666374
60,-0.00530909421153845,-0.007991333333333328,0.11061895769230766,0.04042223948717948,0.15428569265384615,0.33129404743589735,0.0009458553846153841,-0.0008937036282051294,0.010458532051282053,0.13063630691861358,0.4499471908814819,1.7025705631063408,0.3829356165989168,-0.36571551845840256,0.060109032113486865
61,-0.0043812760115384515,-0.0079453846153846,0.1139308371794872,0.04079013884615386,0.15305084957692305,0.3329253884615384,0.0009919460256410245,-0.00042104016666666687,0.010950887179487185,0.21152939812374177,0.4496816293430203,1.6996567297730076,0.38165807865019885,-0.3657488902532744,0.05833726288271764
62,-0.003384936012820504,-0.007810243589743584,0.11760012948717948,0.041072635512820525,0.1519539518846154,0.33447301538461544,0.001022567179487187,0.00015684303846153996,0.011528134615384608,0.1313113369083572,0.45065395113789225,1.6963141913114692,0.3802139300604553,-0.3659957364071205,0.05616464749810229
63,-0.002326656012820505,-0.007680358974358971,0.12117364871794872,0.04143920307692309,0.1507917111153846,0.3360113576923077,0.0010914471794871872,0.0007420339358974343,0.012059614102564108,0.29292898760707514,0.44444477421481526,1.694958075926854,0.37864065775276295,-0.36627081333019734,0.05408192954938428
64,-0.001236588499999993,-0.007515487179487161,0.12481853717948714,0.04171787153846155,0.14912240714102565,0.33765224358974366,0.0011996800000000087,0.0013643175256410221,0.012599070512820517,0.45582172259810066,0.4413485395994307,1.693000986183264,0.377048686855327,-0.3667767235866077,0.052120583395538135
65,-0.00021474305128204625,-0.007296897435897451,0.12850872564102564,0.04176885012820513,0.147435327525641,0.3393355730769231,0.0011422974358974423,0.0022469448333333327,0.013389328205128202,0.13874398929040843,0.43759766267635375,1.6909428836191616,0.37542757711173724,-0.3674715825609667,0.05024785262630735
66,0.0007531455641025653,-0.0070938589743589795,0.13223713974358972,0.041897462948717955,0.14578670329487178,0.34059656410256417,0.0009381764102564063,0.003298624192307692,0.014386569230769234,0.22265757258528032,0.44001907165071286,1.6900897297730075,0.37380457308609627,-0.36827687743276155,0.04830364749810227
67,0.0018699824435897449,-0.006791192307692306,0.13607196538461538,0.04178945525641025,0.14481169573076924,0.3414354743589743,0.0011105848717948758,0.004068910346153846,0.015095224358974368,-0.01459751083523261,0.4447109485737896,1.6881698195165977,0.45266188647071165,-0.3692066466635307,0.04621773724169204
68,0.0030836631884615415,-0.006448051282051281,0.13994275384615384,0.042019666282051275,0.1434874245769231,0.34260576025641026,0.0012231517948718032,0.004893914833333333,0.01586860128205128,0.3082992713160495,0.4437270908814818,1.6870333707986487,0.4509053191630193,-0.3697499287148129,0.04398623724169205
69,0.004266786419230778,-0.006103384615384608,0.14385085384615384,0.04211250641025641,0.14249223944871797,0.34345819743589745,0.0013328120512820529,0.0057135985512820515,0.016655730769230763,0.0661562970852802,0.443240031907123,1.6872555631063408,0.44912519159891684,-0.3704813261507102,0.04209008339553813
70,0.005578124974358982,-0.005586897435897433,0.14792883717948715,0.04233411307692308,0.14139478957692303,0.34421970512820516,0.0014316982051282134,0.006785026499999996,0.01768156025641026,0.22967860421348535,0.44170973190712287,1.686012934901213,0.4479913775219936,-0.3714424415353257,0.03963841672887151
71,0.006815944179487183,-0.00512415384615384,0.15206078461538464,0.04251028756410257,0.14037007021794873,0.34496836282051285,0.0015400698717948848,0.007803175474358974,0.01859003846153846,-0.00857616923523261,0.4411245524199434,1.685976409260187,0.4461817727655835,-0.37254369794558206,0.03778695519041
72,0.008125792910256412,-0.004603833333333329,0.15616871538461538,0.04262655782051283,0.13943877098717947,0.3458384653846154,0.001722879358974358,0.00903422137179487,0.019571099999999994,0.07439889521348539,0.4400459819071229,1.6859033323371102,0.44464565186814753,-0.37373815948404365,0.034786865446820206
73,0.009485353666666668,-0.003996512820512821,0.16045247820512823,0.04286014730769233,0.13870100496153845,0.34666647820512825,0.0019138111538461605,0.010312953551282047,0.02062606794871795,-0.00534509644036077,0.43868581780455895,1.6867436528499309,0.6036888088681476,-0.3749543261507102,0.032281660318615076
74,0.01072925971884616,-0.003423833333333347,0.16452060000000002,0.04302420474358974,0.1379399800897436,0.3476408025641026,0.0021341007692307792,0.011606879961538462,0.021670687179487183,0.07837143750835715,0.43684725113789225,1.6858964477217255,0.6015195141886603,-0.3759230056378898,0.030000403908358723
75,0.0119702167948718,-0.0027526153846153933,0.16859508846153845,0.04330948217948718,0.13728669188461537,0.34821024871794864,0.0023600171794871862,0.012964637269230762,0.02274233717948717,-0.0011983936454890525,0.43407228959943067,1.6865155631063409,0.6803306621168655,-0.3766233774327616,0.027574852626307374
76,0.013288279703846159,-0.0019824743589743677,0.1728913987179487,0.04347066423076924,0.1365955418846154,0.3486722025641026,0.0025912798717948756,0.01454892137179487,0.023962661538461542,0.0009514380724597373,0.43083828447122546,1.6872502682345463,0.7587330039707116,-0.3772898261507102,0.024818224421179123
77,0.014705572179487175,-0.0010927179487179456,0.1770775243589743,0.043489333461538465,0.13582963855128208,0.3492027166666667,0.0028223439743589804,0.016294235089743595,0.02532859615384615,-0.07535925255574541,0.4303059280609692,1.6879457041319819,0.9977541128681475,-0.37811382615071026,0.02163326288271757
78,0.01620718373076923,-0.00010457692307691984,0.1814327153846154,0.043611288076923084,0.13526220765384614,0.3495840153846154,0.003130407435897439,0.018008053166666673,0.026764357692307693,-0.15424008828651464,0.4323861088301999,1.6884779861832642,0.9951433582784037,-0.3782000569199409,0.0193661218570766
79,0.01764404778205129,0.0009964615384615344,0.18572532692307692,0.04372947115384616,0.13464248034615384,0.35004814871794876,0.003127029615384622,0.020479564576923084,0.028777511538461534,0.005187673070793076,0.43389493318917427,1.690123986183264,0.9929154679707116,-0.3790676851250692,0.016369968010922744
80,0.01906472760128205,0.0021337820512820583,0.19012355,0.04390131192307692,0.1340311461153846,0.3503966282051282,0.0035795016666666725,0.02274454252564103,0.030438420512820513,-0.1557858772352326,0.4367975985737896,1.6905387425935203,1.071379049804045,-0.38081774922763334,0.012743891087845865
81,0.02050767874358975,0.0033279615384615422,0.19441036666666664,0.04411083307692309,0.13348441098717947,0.3506925448717949,0.004007439487179491,0.024943821371794874,0.03221232692307693,-0.3136066578758736,0.4373343421635332,1.6910606656704437,1.068640368406609,-0.383163479996864,0.009520557754512514
82,0.022118220487179492,0.004755410256410253,0.19885272692307693,0.04438459987179487,0.13273275432051276,0.3512588756410257,0.004484926794871801,0.027426037012820512,0.034290228205128205,-0.23108252705574542,0.43583130883019977,1.6917511913114691,1.0654372300219936,-0.38634780050968454,0.006171865446820209
83,0.02345451826923078,0.00604508974358974,0.20314809358974362,0.04430646192307691,0.13202528483333337,0.3517912320512821,0.004908764743589747,0.02983539483333333,0.03628649487179487,-0.2292515624916428,0.43347020370199474,1.6918764733627516,1.1432398773681478,-0.38852742871481283,0.0029746859596407114
84,0.02472785596153846,0.007429089743589761,0.20742174358974358,0.04429916051282052,0.1314213335512821,0.35228871538461537,0.005358366666666667,0.0323293065,0.03836135769230769,-0.3073352001070274,0.42989035370199463,1.6923503195165976,1.1412269318553272,-0.38964458256096657,-0.0004029422454875108
85,0.026164550923076926,0.009001576923076909,0.21173752564102566,0.04430553102564103,0.13098899714102563,0.35258691410256415,0.005842082820512821,0.03508493380769232,0.04080221794871795,-0.3060822469660019,0.42925568959943067,1.6934076913114693,1.139491228650199,-0.39034942871481276,-0.0039304550660003
86,0.027677011717948716,0.01052674358974358,0.21611178076923077,0.04453521089743591,0.13069405021794872,0.35276413461538464,0.006367222820512824,0.03785005803846154,0.04318765,-0.30595699859420694,0.42900198575327664,1.6945762041319818,1.1380073104450708,-0.3906747107660948,-0.008475673014718318
87,0.029093300871794882,0.012214000000000004,0.22024049871794874,0.04464383269230769,0.13049293637179488,0.35292672307692313,0.006812432820512826,0.04075782393589743,0.045724453846153854,-0.3050204175942069,0.4289481383173794,1.6963692425935208,1.1368770053168655,-0.3918671851250692,-0.012146301219846507
88,0.030597027,0.01397501282051282,0.22457934871794863,0.044813050641025635,0.1302881102179487,0.35309067179487175,0.007468896410256413,0.04418884855128206,0.04856074615384615,-0.30480312953010436,0.4305739421635332,1.698415883619161,1.1358779353168655,-0.39301983897122306,-0.016786621732667015
89,0.032065557051282056,0.015744641025641024,0.22894405384615388,0.044920646794871795,0.13002897726923077,0.3533752756410256,0.008098473461538469,0.047590986628205136,0.05147992692307692,-0.3042843996583095,0.4310030280609691,1.6997323066960843,1.1342393894194294,-0.39481392871481286,-0.02088244224548756
90,0.03360976371794871,0.017626000000000006,0.23308153589743588,0.044975845512820516,0.12968610726923077,0.3536979743589744,0.008733994102564101,0.05118932611538462,0.05452780000000001,-0.30296127286343766,0.43117001395840504,1.7004253323371104,1.1333295041630196,-0.39622177486865895,-0.025094378142923493
91,0.03510419166666668,0.019631012820512817,0.23715674358974362,0.045007169871794886,0.129395842525641,0.3539834717948718,0.009470506410256412,0.05519566124358974,0.05755740769230769,-0.38186304239382235,0.4304168626763537,1.7012004861832644,1.1326374410860962,-0.3994911594840435,-0.030905557630102897
92,0.03648529807692308,0.021500153846153853,0.24118202307692307,0.0451294108974359,0.12919393521794875,0.3541538243589744,0.010025598717948721,0.0589999070128205,0.06058782564102564,-0.4613286900813864,0.4287410088301999,1.7028656272089056,1.1311111476245577,-0.40212600563788975,-0.03445949352753879
93,0.03783525461538462,0.023554576923076914,0.24509412051282053,0.04520385576923077,0.12892665598717948,0.3543176692307692,0.010615751153846154,0.06312379842307692,0.06365666794871794,-0.37979740122241207,0.42874539600968703,1.7037159605422387,1.2108419430091732,-0.4044916466635307,-0.0392264935275388
94,0.03920368358974359,0.02576028205128205,0.24904650897435898,0.04526861346153847,0.12868002778205126,0.354499341025641,0.01127613576923077,0.06772783226923078,0.06700716666666667,-0.3779270035557454,0.4285483498558409,1.7042428836191614,1.2086050442912248,-0.4064961210225051,-0.04475367301471821
95,0.04070100801282051,0.027910743589743596,0.2529317435897436,0.04547395705128206,0.12840237252564107,0.3545768576923077,0.011334797435897437,0.0729004832948718,0.07081575384615385,-0.3768082185044634,0.4282059383173794,1.705193691311469,1.2063371345476348,-0.40875715948404356,-0.050341673014718286
96,0.04221581837179488,0.030221064102564112,0.2566957435897436,0.04552104807692308,0.12821244521794872,0.35470968461538466,0.011995480769230772,0.07778353765384614,0.07425246923076922,-0.3754268520942069,0.4263265152404563,1.705521857978136,1.2038843173681473,-0.4120151082019922,-0.05647842942497476
97,0.04355921239743591,0.032642666666666674,0.26048772051282054,0.04558769294871796,0.12792930893589743,0.3548056858974359,0.01263714551282052,0.08337188508974358,0.07815776282051282,-0.4546785875685659,0.4264378921635332,1.7057120887473662,1.201828897496353,-0.4170003646122487,-0.063731198655744
98,0.04492198957692309,0.03514070512820512,0.26423813333333335,0.04574127884615385,0.12770837611538463,0.35485438846153855,0.013320434487179487,0.08918939996153845,0.08222802051282052,-0.4534534743634377,0.4270633998558407,1.7063291528499305,1.1992857790348141,-0.42174758256096667,-0.06907589096343617
99,0.046296887955128214,0.03752584615384617,0.2677541794871795,0.04589159679487179,0.12746712342307692,0.35482756025641027,0.013812551923076923,0.09479151419230768,0.08627587307692308,-0.45208824017113003,0.42723902036866146,1.7068570374653156,1.1960246103168657,-0.4253944287148128,-0.07359099352753876
100,0.04771491089743591,0.04004182051282051,0.27126282051282047,0.04596579294871796,0.12727593483333335,0.3548051012820513,0.014472013846153856,0.10080553393589743,0.09074312820512821,-0.45052987978651454,0.4284808126763539,1.7071709477217258,1.1919189289066092,-0.42956312102250505,-0.07949077557882078
101,0.048971713756410254,0.04270734615384616,0.2747865923076923,0.04610998910256409,0.1271192616282051,0.35466886538461534,0.015133335512820513,0.10709456396153848,0.09557426282051282,-0.4490076028634377,0.42933632036866154,1.7073150502858288,1.1902015280091731,-0.4308832620481461,-0.08363435250189778
102,0.05038738982051283,0.04522129487179489,0.27801588589743587,0.046255290384615386,0.1268310716282051,0.35454052820512816,0.01569401705128206,0.11281308097435898,0.10019063076923078,-0.448264269145489,0.4306102178045589,1.7073697554140335,1.1889493236501987,-0.43127139025327427,-0.08810235250189773
103,0.051727721294871805,0.047839923076923085,0.28125250641025634,0.04625357115384617,0.1267066750897436,0.3544883243589743,0.01629264935897436,0.11944307930769228,0.10511929487179486,-0.44720434837625817,0.43142071267635373,1.7077676913114697,1.1875058495476352,-0.43021060820199236,-0.09377373711728233
104,0.05321279755128206,0.050487961538461544,0.28443353846153846,0.04634445705128206,0.12650741662820514,0.35439596282051283,0.0169657185897436,0.12617333837179487,0.11021061538461542,-0.4459278559403607,0.43252904344558446,1.7077021400294181,1.185566618778404,-0.4338667620481462,-0.09901660891215415
105,0.05449065155128205,0.053156884615384606,0.28747093076923075,0.046385346794871794,0.1263921591923077,0.35430639999999997,0.0176130444871795,0.13299110037179487,0.1154100794871795,-0.44501639145318134,0.4329028229327639,1.7074125246448022,1.1832052146758396,-0.43800801845840254,-0.10463918583523106
106,0.05582219051282052,0.05587006410256411,0.290526008974359,0.046337208333333345,0.12622269932051283,0.3541452051282051,0.018350700897435908,0.1400738919871795,0.12117643974358974,-0.44413118940189916,0.43319451395840514,1.7072107425935206,1.1797375235604555,-0.4430676210225054,-0.10850637814292334
107,0.057087935679487195,0.05855629487179488,0.29343207307692315,0.046317075000000006,0.125993173551282,0.353861591025641,0.01893656461538462,0.1471689466935897,0.12697325641025642,-0.4432694004275402,0.4331836690866102,1.7062798195165976,1.3377239297014811,-0.44736401845840246,-0.11259978839933364
108,0.05835935884615385,0.06115806410256408,0.29628355384615385,0.04646458141025643,0.12588783739743592,0.3536718128205128,0.019480170384615386,0.15424624612307694,0.13309236923076917,-0.44208536311984803,0.43390926395840507,1.7059556913114688,1.495935818009173,-0.44956533897122297,-0.11643689096343621
109,0.059587422705128186,0.06376450000000002,0.29904806794871786,0.046485454487179494,0.12575148765384617,0.35342233974358966,0.020109455641025644,0.1613815439871795,0.13930331794871792,-0.4410737242736941,0.43412488575327673,1.7053240246448025,1.3326651807155834,-0.4497255440994283,-0.12160380121984651
110,0.06075246721794871,0.0664342564102564,0.3017072038461538,0.04649875320512821,0.12563581265384616,0.35318084230769237,0.02080703807692308,0.16861479680769234,0.1458520205128205,-0.4400691590172839,0.4343455934455845,1.7049464477217253,1.3307394403937887,-0.4497562235866077,-0.1260211730147182
111,0.06187552739743591,0.0690170512820513,0.30430364358974354,0.04657715064102565,0.12554606624358972,0.35294535128205123,0.021640218205128205,0.17572574599999996,0.15275241538461534,-0.43887500209420705,0.43385944985584085,1.704206127208905,1.2484469248425067,-0.44981135179173576,-0.12921492942497473
112,0.06298081306410257,0.07154958974358976,0.3068426858974359,0.04660749038461538,0.12551284957692305,0.35261403974358974,0.02259488153846156,0.1827579675480769,0.15991952692307695,-0.43776739914548896,0.43342228703532815,1.70317783233711,1.4094889664963526,-0.4493956979455821,-0.13273762173266693
113,0.06413087748717952,0.0740724358974359,0.3092850948717949,0.046801385256410255,0.1253732091923077,0.3522326910256411,0.02355828192307693,0.18997512607692313,0.1669316794871795,-0.4364923979916428,0.433497626778918,1.7019621143883923,1.4099567605860965,-0.449068633843018,-0.1377290448095902
114,0.06512717662820514,0.07638606410256411,0.31158649615384615,0.0468856967948718,0.12548245573076924,0.3520934858974359,0.02454748076923077,0.1967321050128205,0.17429259743589745,-0.43551870465830955,0.43364297934302043,1.7008268836191616,1.32953497667584,-0.44841390307378703,-0.1421001601942054
115,0.06615814319230771,0.07875853846153846,0.3139184064102564,0.04722854935897436,0.12529750726923078,0.3517889089743589,0.02548413166666667,0.20363386006410258,0.18175586282051287,-0.43459913247882237,0.433846263958405,1.6998000631063412,1.4893338182912248,-0.4483927364071204,-0.14592526275830803
116,0.06714326453846153,0.08104407692307695,0.3162245615384615,0.04728492371794873,0.12517700342307692,0.35121963717948723,0.026571833333333333,0.21022418697179487,0.19001073205128202,-0.43390128683779666,0.43442496395840496,1.6985685118242897,1.4886812124578914,-0.4490176594840435,-0.14945800634805168
117,0.06812650714102562,0.08327391025641026,0.3184908358974358,0.0473769108974359,0.12516207355128206,0.35078235769230764,0.027744210897435898,0.2168942123538462,0.19837180256410258,-0.4330496905557452,0.43481180113789236,1.6970972554140331,1.4875589514194294,-0.4495706851250692,-0.1525340704506157
118,0.0690108336076923,0.08543078205128207,0.3206365833333334,0.0474757891025641,0.12513994803846154,0.3504372333333334,0.029008249230769226,0.22336680965384623,0.20658104487179485,-0.4320009477352325,0.4350002844712256,1.6953772938755718,1.5671393604450707,-0.4512409543558385,-0.1563675063480516
119,0.06985822226282054,0.08747043589743592,0.32262435641025644,0.04759629294871795,0.12514053547435897,0.35008159358974356,0.030223813717948717,0.22933509188461543,0.21468248717948718,-0.4311004177352326,0.4355419267789178,1.6940081272089054,1.5660742274963524,-0.4533217492276334,-0.16096463455317975
120,0.07067886051282052,0.08947779487179486,0.3246521551282051,0.047721374999999996,0.1251251591923077,0.34977163333333333,0.03163164807692309,0.23554837710256413,0.22327621923076926,-0.43023483645318134,0.43584786395840497,1.6925944092601877,1.485040891034814,-0.4542585569199409,-0.16574966019420545
121,0.07145469643589746,0.09142915384615385,0.3265943525641025,0.04787815576923078,0.12520473791025638,0.3493777987179487,0.03303344730769231,0.24138316291025638,0.23210709743589752,-0.4295005146583095,0.4360571395994306,1.6908973066960846,1.4056031402271219,-0.4534169158943,-0.16922531404035926
122,0.07232438519230769,0.09340147435897436,0.3285637576923078,0.048028201923076934,0.12516234547435898,0.3490393371794871,0.03443697615384615,0.24733457842307693,0.2410934038461538,-0.4287560587608735,0.43628968190712286,1.6892328323371102,1.3260414662014808,-0.45213274922763336,-0.1728734422454876
123,0.07305758480769232,0.09511751282051285,0.33038636538461535,0.04812349935897437,0.12517969688461536,0.3487243525641026,0.035882676538461555,0.25273385278205135,0.24981872692307688,-0.42822103850446336,0.4368567960096871,1.6875624349012124,1.3265953632143013,-0.4524394287148128,-0.17547895506600036
124,0.07381046007692309,0.09688605128205129,0.33233532820512823,0.04822227115384616,0.125249525474359,0.348484664102564,0.037452181666666674,0.25796718483333325,0.25937771282051286,-0.4270075515813862,0.4365477037019947,1.685793768234546,1.326958228906609,-0.45207950563788973,-0.1775666089121542
125,0.07453892302564102,0.0985977564102564,0.3342221602564102,0.04833278397435899,0.12530608393589743,0.348230326923077,0.039010872307692304,0.2631830243205128,0.26923021153846155,-0.4264024106839506,0.43748019729173837,1.6851068323371101,1.2458313634322504,-0.4532247107660949,-0.1787864294249747
126,0.07525874891025644,0.1000923717948718,0.33605418717948715,0.0483511044871795,0.12532635316666665,0.3480148256410256,0.0405209717948718,0.2676778517564103,0.27858679102564105,-0.42591891145318134,0.438770028060969,1.6841126400294177,1.2456947113425063,-0.45452413384301804,-0.1807602755788208
127,0.07594658575641026,0.10159170512820513,0.3378389487179487,0.04849988012820512,0.12532094034615385,0.3477163628205128,0.04205714782051283,0.2723700056025641,0.2879161141025642,-0.42519258658138637,0.4393733767789178,1.6823709092601875,1.246303343778404,-0.45540221076609494,-0.18477612173266708
128,0.07658317547435899,0.10304829487179483,0.3395662961538461,0.04863511474358974,0.1252906663717949,0.3474465,0.04358798987179487,0.27695249021794865,0.2975181564102564,-0.42431170324805323,0.4404842780609691,1.6811639220807,1.2472800736501988,-0.45639223640712034,-0.1882773140403593
129,0.07723639285897435,0.10437164102564103,0.341282991025641,0.048728167307692305,0.12526980880769228,0.3471951269230769,0.04503318820512821,0.2809666032948717,0.3070433794871795,-0.42325075440189924,0.441228554984046,1.6796635374653153,1.2482850096630191,-0.4568395312789154,-0.1901584678865131
130,0.07779770230769231,0.10567202564102565,0.34306900000000007,0.04877761858974358,0.12528807855128204,0.3470661435897436,0.04662379243589745,0.28464731534615384,0.31736576282051276,-0.4226771824788224,0.44184715113789214,1.678935486183264,1.2493534821373784,-0.45603749281737693,-0.19142973711728234
131,0.07845354846153846,0.10692225641025643,0.344847691025641,0.04885913141025643,0.12528553624358976,0.34682786923076925,0.04821137076923078,0.288405770474359,0.32731030256410254,-0.4216550028634376,0.44252155626609724,1.67762083233711,1.250618308650199,-0.454450556919941,-0.1922206089121542
132,0.07907113358974358,0.1080328846153846,0.3466431333333333,0.04892545448717949,0.12527219829487177,0.34663971666666665,0.04971664307692308,0.29150602560256406,0.337288867948718,-0.42074441542754026,0.44329525626609734,1.6764558451576226,1.2522056999322502,-0.4523710056378897,-0.19127224993779515
133,0.07960183000000001,0.10910939743589743,0.3484508935897436,0.04904477628205128,0.12530180585897435,0.34636982564102564,0.05121431448717949,0.2945256679102564,0.34743897820512826,-0.41990380555574536,0.44529026139430256,1.6755697682345458,1.253931376727122,-0.450409556919941,-0.19176009609164138
134,0.08016566974358974,0.11015160256410257,0.35025548717948723,0.04911204423076924,0.1253157982948718,0.34620991923076927,0.05270916179487179,0.29718633842307685,0.35759190897435905,-0.4192251090172839,0.44659765626609726,1.674754319516597,1.09460629318866,-0.4480372620481461,-0.1907242755788208
135,0.08071002641025642,0.11110921794871796,0.35208803333333333,0.04919566217948719,0.12531642329487175,0.34602642948717954,0.054179528589743585,0.2995979063717949,0.36770912051282045,-0.41828066029933514,0.4478135254968666,1.673789268234546,1.0967398999322502,-0.4471197620481462,-0.1906720960916413
136,0.08124795858974358,0.11198505128205127,0.35393540384615385,0.04922840961538461,0.12526849970512818,0.34591424487179484,0.05544990970512821,0.30159032432051275,0.3775991115384615,-0.41736074401728385,0.44817563575327685,1.6727102554140334,1.0986233704450705,-0.44527749281737683,-0.1891995576301029
137,0.08176738358974359,0.11284824358974362,0.3557359038461538,0.049256918589743584,0.12528237098717948,0.34581389999999995,0.056783399000000005,0.3034180012435898,0.38741140641025645,-0.4163589997865145,0.44789643190712297,1.6714864733627508,1.101326267880968,-0.4435934158943,-0.18910303198907724
138,0.08226161153846154,0.11360876923076926,0.35757044871794874,0.04930697756410257,0.1252910112435897,0.34555896794871793,0.057911824628205155,0.3049230050897436,0.3972288153846154,-0.415447877094207,0.4482384357532769,1.67030110156788,1.0241077918553272,-0.4411461851250692,-0.18775627557882082
139,0.08273731089743591,0.1142849871794872,0.35942002692307695,0.049327826282051276,0.12530836021794872,0.3454803525641027,0.05917478041025643,0.3061811397051282,0.4074219179487179,-0.41492641055574536,0.44919157549686656,1.669399486183264,0.9464525202912244,-0.4397204928173768,-0.18576003198907734
140,0.08330240076923076,0.11490503846153849,0.3612727128205128,0.049455535256410256,0.1253204029102564,0.34533948589743585,0.0603864007948718,0.3073933691923077,0.4169762358974359,-0.41428668658138634,0.45021838959943067,1.668711845157623,0.9480007406245579,-0.43957491589430003,-0.18416971147625677
141,0.08380597000000001,0.11553100000000004,0.36328541923076924,0.049459836538461546,0.1253423259871795,0.3453508717948717,0.06133083168589744,0.3080495140641025,0.4267876423076923,-0.4136994145301044,0.4511307306250718,1.668203588747367,0.7894374319912244,-0.4380779671763513,-0.18099092942497466
142,0.0842718326923077,0.1161239230769231,0.36528256153846156,0.04949980192307694,0.12536138008974357,0.34528365384615384,0.06240220262564104,0.30885879355128204,0.43634561410256395,-0.4133802288890786,0.45181893575327675,1.6675289990037767,0.7117874523168655,-0.43785139025327435,-0.17753404480959004
143,0.08471057141025644,0.11670106410256412,0.3673584782051282,0.0495131673076923,0.12541643111538464,0.3452269230769231,0.06335778571794871,0.30924563714102565,0.4458617012820514,-0.4128335460685659,0.4527445908814819,1.6669910118242894,0.7138817794194297,-0.4373422876891719,-0.17427887814292345
144,0.08516258615384617,0.11717010256410255,0.3694284333333333,0.049516617307692315,0.12544720098717949,0.3451989128205128,0.06431185406410256,0.30943273201282046,0.4549606679487179,-0.4124328254275402,0.45394591139430235,1.6666216015678794,0.7157889757014809,-0.43589381333019733,-0.17074608327112847
145,0.08560519653846158,0.11762893589743591,0.37152696153846154,0.049532451923076926,0.12551755726923078,0.34522876282051285,0.06516596470512821,0.3094617127820513,0.4638953705128205,-0.4121014967095914,0.4548413485737895,1.6664299861832639,0.7184619832655834,-0.4339796851250692,-0.16498814737369272
146,0.08602885389743592,0.11808247435897436,0.3735362051282052,0.049593683974358975,0.12559696444871798,0.3452411333333333,0.06606150855128205,0.30950081662820517,0.47257912435897426,-0.41202446119677105,0.4555924165225076,1.6663272810550591,0.7218736539066092,-0.4318481466635308,-0.16042373711728225
147,0.08648362555128204,0.11847821794871798,0.37574761153846153,0.04959430705128206,0.12560472162820513,0.3453053807692308,0.06696835789743591,0.3094291961153846,0.48149041025641026,-0.41208990888907876,0.45634349088148196,1.666367986183264,0.6433797235373783,-0.43147339025327425,-0.15714576275830808
148,0.08688023862820513,0.11876053846153849,0.37793306666666676,0.04964129935897437,0.12574751650000002,0.3454221435897436,0.06784796255128206,0.3091121397051282,0.48997117179487165,-0.41197303642754035,0.4575022447276359,1.6666923195165975,0.6433729162655835,-0.43177076204814613,-0.1517850832711284
149,0.0873696388626923,0.11914997435897434,0.38009859358974357,0.049727598076923105,0.12578979291025638,0.34545847820512815,0.06872302073076922,0.3087414973974359,0.49827602051282055,-0.41190341970959166,0.4586185447276357,1.6670286784909565,0.6448987903168655,-0.4304759415353257,-0.14515266019420542
150,0.08780248130769233,0.11941902564102562,0.3825144602564103,0.04981684423076924,0.1259211466282051,0.34551303333333333,0.0694984464897436,0.30814788073076915,0.5062394538461539,-0.33132345542754027,0.45961266652250754,1.6674826272089052,0.5665421625989168,-0.42566383897122295,-0.1364348525018977
151,0.08822153973076921,0.11970707692307692,0.38490187051282054,0.04985961217948718,0.12600252303846152,0.34563936538461537,0.070303557,0.3073363653461539,0.5144101474358974,-0.33136148247882236,0.46058621011225126,1.668077640029418,0.40848683595789115,-0.42230731333019733,-0.13028781404035933
152,0.08862383428205127,0.12000060256410258,0.3873010666666667,0.04990107115384615,0.12616587137179489,0.34578159102564104,0.07099367645641023,0.3065917884230769,0.5220996602564103,-0.33134583850446336,0.46141587806096906,1.6687190887473666,0.49086812802968594,-0.4174085825609666,-0.1239946730147182
153,0.08898750292307692,0.12029499999999999,0.3898471115384616,0.049888295512820514,0.12627985944871795,0.346002773076923,0.07155348321794873,0.30574011662820516,0.5296088602564103,-0.331460723119848,0.46221599216353315,1.6695972297730077,0.412111232829686,-0.4137235056378897,-0.11790450634805158
154,0.08936345923076923,0.12054138461538463,0.3921911564102564,0.04989108269230769,0.12641210573076925,0.34617101666666666,0.0722141760897436,0.30485401534615386,0.5366544794871795,-0.33187284760702757,0.4625984254968665,1.670199781055059,0.49317527775276265,-0.41003499281737693,-0.10970818583523101
155,0.0897791912820513,0.12084697435897433,0.39471318333333333,0.049905939102564106,0.12662438201282056,0.3463844743589743,0.07256946791025641,0.3038207820128205,0.5434867679487179,-0.33217472953010435,0.4630639242148153,1.6708733836191612,0.4915808078809681,-0.40956644153532573,-0.10210268583523108
156,0.0901574,0.12111130769230766,0.3972845474358975,0.049884776282051284,0.1268022893205128,0.3465977794871795,0.07278617278205131,0.3026247243205128,0.5500603269230769,-0.3329099710685659,0.46381786524045626,1.6715909349012128,0.572414128906609,-0.4088748005096845,-0.0937078525018978
157,0.09048941256410258,0.12131993589743591,0.399919182051282,0.04985485064102564,0.12705719714102567,0.3468547923076923,0.07324514964102564,0.30122916534615385,0.5563393256410256,-0.33359448914548906,0.46481562677891775,1.672499537465315,0.491747690794686,-0.40747118512506925,-0.08474491660446185
158,0.09083679730769231,0.12152732051282054,0.40258507692307693,0.049840067307692304,0.1272806602179487,0.34711401025641025,0.07342177573076925,0.30010589611538463,0.5621369871794872,-0.33435683427369406,0.4657512562660973,1.673097845157623,0.4111972972399424,-0.4011091466635307,-0.07507176275830799
159,0.09120145487179487,0.12185446153846158,0.40545191923076923,0.04981656346153847,0.12758946444871797,0.34742728846153853,0.07363296507692309,0.2993024922692308,0.5680284589743589,-0.33515135473523266,0.4669895985737895,1.6735767425935206,0.4135741140989168,-0.3964370184584025,-0.067542262758308
160,0.09148107846153847,0.12221202564102567,0.40833525,0.04984757756410257,0.12798890803846155,0.34777726282051286,0.07398279733333335,0.2982799999615385,0.5735291128205129,-0.33597635705574547,0.4686018754968666,1.674416575926854,0.3307473772399424,-0.3892087876891718,-0.058789429424974615
161,0.09188519846153846,0.12240951282051281,0.4111202256410256,0.04984405833333334,0.12829282457692306,0.34799974230769226,0.0743240511153846,0.2971619397051282,0.5791176346153846,-0.25632045324805314,0.46965693831737937,1.6749273836191612,0.33038063516301935,-0.37992965948404356,-0.050088557630102865
162,0.09214108974358975,0.12272933333333337,0.4141211743589744,0.04981694038461539,0.12867333906410255,0.34839702564102565,0.07457990521794873,0.2958239409871795,0.5843890846153845,-0.25716414286343775,0.47151218831737934,1.6757459861832642,0.490304714355327,-0.37686501845840253,-0.04245631404035926
163,0.09231220615384617,0.12312069230769232,0.41712809615384616,0.0498115673076923,0.1291826091923077,0.3488417692307693,0.07456093138461538,0.2949346550897437,0.5888132833333333,-0.2578930436839505,0.4729567831891743,1.6764623836191617,0.49177540497071176,-0.37162553127891546,-0.033887403783948965
164,0.09261994423076923,0.12339080769230773,0.4200426294871795,0.04984994423076923,0.12966945547435896,0.3491276012820514,0.07459864725217949,0.29433480124358974,0.5931744153846153,-0.2589127404660018,0.4733811716507127,1.6766176400294182,0.49346360685532714,-0.37979868512506926,-0.028528096091641315
165,0.09293246166666667,0.12368896153846154,0.4231485269230769,0.04985072884615384,0.13014790996153844,0.3495102,0.07463569267948719,0.2935107268846154,0.5974187897435898,-0.17945467529933515,0.47459542677891786,1.677221473362751,0.5694210785219936,-0.37634880050968467,-0.02414446788651316
166,0.09318400871794873,0.12401069230769228,0.42633550000000003,0.04989003141025639,0.13072023355128204,0.3499639128205128,0.07469930178205128,0.2924030807307692,0.6013254217948718,-0.18078005594036078,0.47573007549686636,1.6783028066960843,0.48783358474891675,-0.36975042871481284,-0.01588442942497466
167,0.09340521025641027,0.12434049999999999,0.42951982179487186,0.04992639423076924,0.13133296598717947,0.35030658974358975,0.07499115066666667,0.29169073329487183,0.6052877256410256,-0.18223452965830944,0.476224037035328,1.678932781055059,0.48876611102199363,-0.3670813005096847,-0.009662352501897694
168,0.0935613767948718,0.1247188333333333,0.4326859012820512,0.05000233653846155,0.1320253209871795,0.35079672051282057,0.07500164282051283,0.2906230320128205,0.6090980153846153,-0.18351856696600174,0.47677551267635365,1.6797197682345462,0.6481756660604553,-0.36828912102250516,-0.004904096091641361
169,0.0936660921794872,0.12515596153846154,0.43596202820512814,0.05008520064102565,0.13277480214102566,0.3512740115384615,0.07500476108974359,0.28936974996153847,0.612673458974359,-0.18500639901728386,0.47722723318917415,1.6805387297730074,0.5660523469578913,-0.36608583897122304,0.0007315833955381393
170,0.09378459846153847,0.1256838205128205,0.43937654615384614,0.0502839967948718,0.13370759906410257,0.35178955769230774,0.07510703858974359,0.28794921149999997,0.6161238628205127,-0.18651098436343774,0.4783877511378921,1.6815261528499303,0.48907230812455793,-0.36258692871481274,0.006096198780153552
171,0.09382452794871798,0.12625133333333333,0.44298848205128205,0.050426173717948726,0.13462857662820513,0.352449108974359,0.07504197371794873,0.2863995794487179,0.6191283025641026,-0.18799425333779674,0.4798334524199434,1.6826128707986487,0.3303087449489168,-0.356371621022505,0.009294814164768954
172,0.09384938153846156,0.12670561538461536,0.4462181551282053,0.05055037115384615,0.13557801393589744,0.3530004333333333,0.07503931705128207,0.2850437268846154,0.621869232051282,-0.10904862947882234,0.48118953959943056,1.6832170502858281,0.4116831059578912,-0.35332321076609485,0.012066134677589487
173,0.09393886961538463,0.12722337179487178,0.4495845205128205,0.05073364166666667,0.1365481900897436,0.35352735384615386,0.07512172653846154,0.28380359483333334,0.6242994576923077,-0.11042700446600182,0.48233300626609743,1.6842486528499307,0.3313026871758398,-0.3546528774327616,0.016466044933999714
174,0.09405783602564102,0.12777019230769232,0.45308203717948714,0.05092224423076924,0.1376317273974359,0.3541134653846154,0.0750413062820513,0.2829248909871795,0.6264610782051283,-0.11201323087625824,0.4835088062660974,1.685077434901213,0.25028190954763474,-0.3588099415353256,0.019872391087845862
175,0.09411730894871795,0.12836506410256412,0.4566828525641024,0.05104153653846154,0.13878342778205124,0.3549238705128205,0.07495508076923074,0.28202518714102565,0.6284702833333334,-0.03321500985446344,0.4850486344712255,1.6862304605422382,0.25079895498737825,-0.3608693646122488,0.02252982698528177
176,0.09414712192307692,0.12894552564102565,0.46014469615384623,0.05119233910256411,0.13986054098717948,0.35569600000000007,0.07490395910256412,0.2810568666282051,0.6306364705128206,0.04570095157245972,0.48576525883019983,1.686922050285828,0.25128272358609627,-0.358885133843018,0.02489986544682023
177,0.09407816137179488,0.12967123076923076,0.4638142500000001,0.051394381410256415,0.1411776590641026,0.35658973076923073,0.07468455115384615,0.28032382303846154,0.6325941679487179,0.044471413495536675,0.4867108806250718,1.6878690246448025,0.2508292844578911,-0.35622174922763333,0.025536609036563875
178,0.09406027397435898,0.13037101282051283,0.4674685461538463,0.05153125961538462,0.1424769052179487,0.3574957923076923,0.07446783410256412,0.27946704483333334,0.6346210115384616,0.12346661277758794,0.48694535113789217,1.6884512810550591,0.25064574481686547,-0.35237336461224866,0.02763558339553815
179,0.09396296059102566,0.13122530769230772,0.4713402461538462,0.051686594230769246,0.14402170226923078,0.35856105384615383,0.0743269926923077,0.2783689948333333,0.6365500064102566,0.12199825213656225,0.48808428831737927,1.6895944605422382,0.25027748126558347,-0.3494094415353257,0.030841737241692008
180,0.09388724474358974,0.1319894102564103,0.4750574730769229,0.051854098076923094,0.14543138701282052,0.3595433538461538,0.07433917333333333,0.27730921021794874,0.638311167948718,0.12037002197758791,0.4894162460096871,1.690652563106341,0.2520991160091732,-0.34819137743276146,0.032108903908358674
181,0.09377695370897436,0.13280442307692306,0.4787368025641025,0.0520328326923077,0.1469844662435897,0.36052940000000006,0.07429088871794871,0.27655820508974355,0.6394155705128206,0.1992628444827161,0.49049385626609737,1.6916599477217251,0.25459440282968604,-0.34834322358660763,0.03354562185707668
182,0.09375352088461539,0.13352970512820514,0.48246665512820525,0.052161586538461556,0.14849626573076924,0.3615253564102563,0.07411706371794873,0.2755100820128205,0.6406432641025641,0.2783659830468187,0.49147850241994345,1.6929115887473665,0.2549807043809681,-0.34886080050968454,0.03424517313912786
183,0.09365753382051284,0.1343265,0.48620372051282035,0.05235218141025641,0.15011906419230772,0.36264831282051285,0.07401775853846154,0.2746598089358975,0.641717932051282,0.276663696354511,0.4928264960096871,1.694090281055059,0.2550526364322501,-0.3492550184584025,0.03547877570323051
184,0.09351031053846154,0.1352569615384615,0.4900421346153847,0.052502730128205125,0.1518560206025641,0.36391375769230766,0.07409418811538461,0.27387080637179484,0.6424934987179487,0.2749977544057931,0.4938824960096871,1.6955298579781362,0.2566737846117373,-0.34410996717635123,0.03649557057502538
185,0.0933493317051282,0.1361746794871795,0.493907308974359,0.05267120064102565,0.15354529342307696,0.3650550269230769,0.07397572979487181,0.27286763201282055,0.6438717282051281,0.2732246932622034,0.495489931907123,1.696859434901213,0.25771103179122457,-0.34221542871481286,0.03759709621605099
186,0.09322234948717949,0.13732235897435893,0.49775295,0.05282274294871796,0.1555168500897436,0.36639275769230767,0.07384242505128205,0.2720854743205128,0.6448996397435898,0.35231156586733153,0.4967685088301998,1.6983864477217254,0.25929987307327573,-0.34214974922763336,0.03744355775451249
187,0.09302329333333335,0.13849658974358972,0.5017818269230769,0.05292071217948719,0.15770444201282052,0.3678482641025641,0.07373045833333333,0.27155005380769237,0.6458975192307692,0.43170068020066477,0.49775235498404624,1.7009463323371101,0.2600661694578911,-0.34076331333019744,0.03761823724169205
188,0.09275774675641027,0.13972437179487182,0.505569323076923,0.05301175448717949,0.1597383652179487,0.3692579269230769,0.07361554419230772,0.2708763089358975,0.6464602320512819,0.5101814884570751,0.4992975216507128,1.7031058707986484,0.2612323492912244,-0.3385993389712231,0.03787849365194843
189,0.09252727650000002,0.14091814102564104,0.5094173102564102,0.05309666217948717,0.16187074893589745,0.3708178128205128,0.07353099046153844,0.2703563307307692,0.6472621153846152,0.5084772747391263,0.5010916242148153,1.7055105759268538,0.26269656890660903,-0.34006554409942824,0.037735557754512566
190,0.0921561877948718,0.1420398717948718,0.5132607333333333,0.053231716025641036,0.16400025803846152,0.37242949102564105,0.07321820265384615,0.2694212948333334,0.6480432705128206,0.5062133800468188,0.503066572932764,1.7079305118242896,0.26422000890660907,-0.340542274868659,0.036711762882717686
191,0.0919581005923077,0.1432257051282051,0.5169603474358975,0.053329578846153844,0.16618956855128206,0.37403946025641027,0.07325907085897435,0.2687366332948718,0.6487292820512819,0.5850977524186136,0.5035226754968665,1.7103766015678796,0.26599332890660915,-0.3392817620481462,0.03673668595964074
192,0.09164427639743591,0.1444444358974359,0.5209276051282051,0.05347146346153847,0.16852770496153843,0.37575427435897435,0.0733184166923077,0.26807263329487185,0.6492606012820513,0.6638097431750237,0.5041034575481487,1.7131946015678796,0.2679806453168655,-0.33723765948404366,0.036923724421179124
193,0.0913149534871795,0.14586865384615383,0.5248693782051282,0.05365219807692308,0.1711267790641026,0.3775536474358975,0.07327569665384616,0.2673663986794872,0.6493265,0.9039070344442545,0.5043757139584049,1.716216357978136,0.26971566365019883,-0.3360697620481461,0.03624316031861506
194,0.09094736092307694,0.14724885897435902,0.528635853846154,0.053767610897435904,0.17362001252564105,0.37939644871794875,0.07319709711538464,0.2667903589358974,0.6497581692307692,0.9022862467263059,0.5049183293430206,1.7195571528499305,0.2713914696758399,-0.3353193133301974,0.036537224421179244
195,0.09050878038461539,0.148737282051282,0.5323830243589744,0.05389737756410256,0.17632710508974359,0.3812686641025641,0.0730981722051282,0.2662023307307692,0.6501444217948719,0.9012256455468187,0.5070373806250716,1.7239942810550593,0.2722238054450707,-0.33757204409942826,0.035800301344256075
196,0.09014265489743592,0.15024019230769228,0.5360346705128205,0.054005721153846144,0.17909743201282055,0.3831252115384616,0.07337465276923079,0.26615642047435895,0.6492866897435897,0.9004615012904083,0.5091080216507127,1.7286609092601868,0.27351936121430137,-0.3381755953814795,0.035545275703230544
197,0.08974953082435898,0.1518288717948718,0.5398338756410257,0.05417430448717948,0.18201562983333333,0.38510539743589733,0.07333477224358975,0.26538665252564103,0.6501108794871796,0.9797323964698956,0.5106500729327639,1.7329227682345458,0.27691744877840396,-0.3344302364071205,0.03581950647246126
198,0.08931597891025642,0.15345606410256415,0.5434368076923077,0.054313845512820494,0.18516612457692308,0.38699134102564103,0.07312429217948721,0.26493822175641024,0.6505792243589744,1.0585312941878446,0.5130517267789179,1.7381262938755715,0.27774764826558346,-0.33324771076609494,0.034775673139127876
199,0.08868897860256413,0.15507784615384618,0.546858958974359,0.05445435192307692,0.18821956752564103,0.3889981205128205,0.07331542844871795,0.2643976961153846,0.6504670512820514,1.0569803294442548,0.5147687652404562,1.7429709349012132,0.27861709185532707,-0.3343700953814795,0.03257190390835868
200,0.08822096402564102,0.15672360256410256,0.5504239782051283,0.054633791666666674,0.19125414508974356,0.3910000897435898,0.07327423855128204,0.2643351538076923,0.6508266307692308,1.0554178142775879,0.5163252780609691,1.7471003066960844,0.2818199071117374,-0.33474489025327436,0.030974262882717634
201,0.08765462899999998,0.15847626923076924,0.5539395641025643,0.0547890326923077,0.19451591316666667,0.39303165384615385,0.07305519800000002,0.26387793201282056,0.6512444102564103,1.1339119929442547,0.518595560112251,1.7520083323371096,0.2812436407014809,-0.3342808517917359,0.030212301344256138
202,0.08713444919230769,0.16037305128205132,0.5573897897435899,0.05502465961538461,0.19804192675641025,0.39530849615384617,0.0730204815897436,0.2636210627820512,0.6513666666666668,1.2126197925724598,0.5221365857532768,1.7569808579781359,0.28382414018866037,-0.3327926723045564,0.029580326985281784
203,0.0865869878846154,0.16231347435897436,0.5607692871794872,0.055287932692307695,0.2017684529102564,0.397513341025641,0.07309522243589743,0.2632063038076923,0.6513019820512821,1.29169547957246,0.5252046626763538,1.76221210156788,0.2870519663425065,-0.33143736461224865,0.028564365446820263
204,0.08593898392307692,0.16427144871794871,0.5640786615384616,0.05557414423076924,0.2055613686794872,0.3998552051282051,0.07315777300000001,0.2626211166282052,0.6511230935897435,1.2900774913673319,0.5271262780609691,1.7680190118242898,0.287115840829686,-0.3327511723045564,0.028126403908358712
205,0.08532580464102565,0.16632305128205127,0.5671830320512821,0.055903896794871795,0.2094117040641025,0.40232142692307693,0.07315403244871796,0.26215957816666663,0.6509836435897436,1.2883892841878442,0.5282775088301999,1.772924268234546,0.2887717189066091,-0.33325353127891544,0.026983160318615137
206,0.08473699446153847,0.16848601282051284,0.5703928192307691,0.05628178269230771,0.21330172573076922,0.4048107602564103,0.07316553051282051,0.26182002944871796,0.6508133833333333,1.2860966662391264,0.5295260985737897,1.7775671015678791,0.29169799313737826,-0.3319069287148128,0.027700826985281733
207,0.08409577282051281,0.17071294871794873,0.573500523076923,0.056728422435897416,0.21749942573076927,0.4073575512820513,0.07309880028205129,0.2616401679102564,0.6507325282051283,1.2846683289314345,0.5309805601122513,1.7829703707986488,0.2927192732655835,-0.33183256974045383,0.028269724421179167
208,0.0833239923076923,0.17277947435897434,0.5763809961538461,0.05712388525641027,0.22135432957692303,0.4099065474358974,0.07300480993589746,0.2614291243205128,0.6506587705128205,1.2824739517519466,0.5322611883173793,1.7883684092601875,0.29330826095789114,-0.3328383646122487,0.027832262882717666
209,0.08268702759230769,0.17508396153846156,0.5793368076923077,0.057584158333333336,0.22554947701282052,0.41254028461538456,0.07286451321794872,0.2612119768846154,0.6506248564102564,1.2802897484314342,0.5316430729327639,1.7930338964396741,0.29451570044507064,-0.3334271723045564,0.02761722442117918
210,0.08198911987179487,0.1774582692307692,0.5822252346153846,0.05810698653846153,0.2297742740641025,0.4154083153846154,0.0727117803846154,0.26103930893589744,0.6505994038461537,1.3583449400724597,0.5313416242148151,1.7972107682345466,0.29672711698353216,-0.3325470697404539,0.02794563467758948
211,0.08130418835897435,0.17997501282051284,0.5850370346153846,0.058620931410256406,0.23407426329487185,0.41851167307692305,0.07255568346153846,0.2609135538076923,0.6505993935897434,1.4362573120083573,0.5323397524199435,1.8022186272089051,0.2987229657014808,-0.3315304287148128,0.027887621857076647
212,0.08053218032051282,0.18237126923076927,0.5878047230769231,0.059180631410256423,0.2382746667564102,0.42146743205128206,0.07251053794871795,0.2606343268846154,0.6506064102564102,1.433276084495537,0.5335495472917382,1.8069749605422385,0.29953876698353216,-0.33164144153532565,0.028464147498102277
213,0.07972696300000003,0.18483453846153847,0.5905476769230769,0.05978574551282051,0.2424675230384615,0.4249059192307692,0.0724237567948718,0.26049836919230773,0.6505868461538462,1.4305886258288698,0.5356464960096871,1.8111717938755716,0.3010627444194296,-0.3312267364071205,0.029223211600666328
214,0.07902707956410256,0.18723143589743588,0.5930857217948717,0.06037289551282051,0.2464769513717949,0.42838363076923086,0.07253217974358976,0.26039294739743585,0.6502679282051281,1.428627473303229,0.5354408421635332,1.8136420502858284,0.30204901108609633,-0.3300835440994282,0.03013644236989715
215,0.0783178355769231,0.18972475641025643,0.5955791756410257,0.06093017499999999,0.2506630721410256,0.43195598974358973,0.07265746091025642,0.2600284166282052,0.6498363166666667,1.4268393747391266,0.5365667908814818,1.816832370798648,0.30308906877840397,-0.3293052107660949,0.03090464749810236
216,0.07759128416666669,0.19216116666666666,0.5979382705128206,0.06142968525641025,0.2547659930384615,0.4353619923076923,0.0725775389871795,0.25991323329487176,0.6496072448717951,1.5058386017519467,0.5370443934455844,1.8200412425935206,0.3043513262143014,-0.3289885825609667,0.03181521160066634
217,0.07679404281923077,0.1944103205128205,0.6001154282051281,0.06191867628205129,0.258369879448718,0.4387204371794873,0.07247122192307694,0.25980451021794876,0.6494379423076924,1.5036587902134855,0.5376013037019948,1.8228029861832646,0.304971835829686,-0.3293744030737872,0.03306258339553816
218,0.07604248076923079,0.19679789743589746,0.6022517576923077,0.06243088910256409,0.26241951662820523,0.4421161846153846,0.07244366820512822,0.25957660252564096,0.6491006346153847,1.582153508726306,0.5377971883173792,1.8246328451576228,0.3063120935219937,-0.3294093517917358,0.03437382698528175
219,0.07528395267948719,0.1992321923076923,0.604390767948718,0.06296027884615385,0.266319563423077,0.44554340769230766,0.0724216982051282,0.2593172397051282,0.6487764089743591,1.5802648612519468,0.5380446626763538,1.8268344990037768,0.307531260829686,-0.32815708256096665,0.036168493651948415
220,0.07456207656410256,0.20167056410256406,0.6063710794871796,0.0634415173076923,0.2700547488076923,0.44937393974358997,0.07239779205128204,0.259151770474359,0.6484423397435898,1.5782567539827157,0.5388266126763538,1.8290463195165974,0.30865539262455793,-0.32695513384301794,0.03811126288271768
221,0.0738552787948718,0.20397611538461538,0.6083306294871793,0.06390565320512821,0.2736742035512821,0.45302758717948716,0.07233206384615384,0.25898068970512816,0.6481793692307692,1.495230445303229,0.5397489716507127,1.8317455502858275,0.30978162736814746,-0.3261730697404538,0.0398420449339997
222,0.0732460453974359,0.20632491025641025,0.6101204346153846,0.06436209551282052,0.2769868507307693,0.4570710769230769,0.07224277641025642,0.2589516589358974,0.647921541025641,1.5733855758698956,0.5399173267789177,1.8342113323371103,0.31066684570148084,-0.3252964543558384,0.042104250062204814
223,0.07247448424358972,0.20873933333333333,0.6119459038461539,0.06490153782051283,0.2803624638076923,0.4609338474358975,0.07237872833333335,0.25861653842307697,0.6475478051282052,1.5705856722737415,0.5411828895994306,1.836350063106341,0.3112176939066091,-0.324242133843018,0.04416604493399969
224,0.07198218125641025,0.21096293589743595,0.6135343692307693,0.06535308397435896,0.28387466342307693,0.46473537948717947,0.07227950730769231,0.2585312230384616,0.6473061615384615,1.6481167815852802,0.5432790690866103,1.8389952682345456,0.31188927288096807,-0.32281728768917184,0.04640471160066632
225,0.07128362807692307,0.21308356410256407,0.6151373153846154,0.06568012628205129,0.28680111021794874,0.46893007179487195,0.0722171898717949,0.2584433999615385,0.6470345435897438,1.724293713290409,0.5436493498558408,1.841566370798649,0.3125504592912245,-0.3218875697404538,0.0484436603186151
226,0.07066877356410257,0.21517162820512828,0.616641826923077,0.0660111891025641,0.2897906226538461,0.4729195051282052,0.07210952525641025,0.25837173457692303,0.6467905256410257,1.8019058008545108,0.5431601152404564,1.843706024644802,0.3130239844194296,-0.3212012492276332,0.05086741672887148
227,0.07009292630769233,0.21718970512820518,0.6179758294871797,0.06625275833333333,0.29278965355128206,0.477129726923077,0.0721599014102564,0.258149120474359,0.6464068910256408,1.7996988622647672,0.5437456601122512,1.847583063106341,0.3133680960860963,-0.3202304671763513,0.052793006472461206
228,0.069475952,0.2191193076923077,0.6192886858974359,0.06648090064102566,0.29561539521794866,0.4814788653846154,0.0720631369230769,0.2580552832948717,0.6461391717948718,1.797137344187844,0.5449478447276357,1.8505878195165975,0.3137563691630193,-0.3194416338430179,0.05493749365194837
229,0.06888643532051283,0.22107042307692318,0.620481114102564,0.06668402500000001,0.29817468419230764,0.48596362307692303,0.07193262012820514,0.25804490893589743,0.6458878474358974,1.7935440209827163,0.5466124729327639,1.8533718066960847,0.31420878570148086,-0.31927556974045385,0.05713596801092276
230,0.06829896533333334,0.22298807692307696,0.6217127192307692,0.06685908089743589,0.3007947623974359,0.49050916666666666,0.07191958076923076,0.2578710897051282,0.645526114102564,1.79060109947887,0.5477978831891743,1.856844947721725,0.31470198057327575,-0.3189842235866076,0.05942563467758943
231,0.06775324526923078,0.22476374358974363,0.6228999871794871,0.06688757576923078,0.30296458675641025,0.49504544871794876,0.07182575371794873,0.25783492175641026,0.6453407871794871,1.947769255726306,0.5484826703686614,1.8599646528499307,0.3150623624963526,-0.3184590056378897,0.06173794236989708
232,0.06718332692307691,0.22652502564102564,0.6239806282051282,0.06677569115384617,0.3050134290641026,0.499665667948718,0.07182616089743589,0.2577345358589743,0.6450428858974359,1.94376688008528,0.5498013537019947,1.8631862425935206,0.31558193134250656,-0.3179823389712231,0.06412905775451255
233,0.06671882128205131,0.22824220512820517,0.6250571397435899,0.06678319282051283,0.3074050918846154,0.5040655012820513,0.07175045474358975,0.25786568970512824,0.6448580205128207,2.021413837264767,0.5517669613943024,1.8676116784909562,0.3154447835219937,-0.31778323640712053,0.06530903211348686
234,0.06613604256410256,0.2299087820512821,0.626091585897436,0.06692472269230769,0.3094410418846154,0.5086164320512823,0.07176540499999999,0.25774280765384605,0.6445683717948717,1.936554442546819,0.5519093447276358,1.8711707938755722,0.31506760672712186,-0.31705872358660764,0.0675550833955382
235,0.06565579653846154,0.2314060384615385,0.6269701179487179,0.06675279576923078,0.3113702265,0.5127805205128204,0.07165762384615385,0.25771434355128203,0.6443437166666667,2.013326278546819,0.5541132344712256,1.8748232938755716,0.3159392091630193,-0.31671436461224883,0.06959585262630741
236,0.0651637994871795,0.23294149999999994,0.6278184192307692,0.06665384666666666,0.3133113482948718,0.5171989884615386,0.07180068641025643,0.25743297688461536,0.6439005923076924,2.0101713464827164,0.5564830037019948,1.879322486183264,0.3160034030091732,-0.31661722358660765,0.07157267313912788
237,0.06470644794871797,0.23443857692307693,0.6286309666666666,0.06659943320512823,0.31501118034615383,0.5215316115384615,0.07177646051282051,0.25733201021794866,0.6436146102564103,2.0876706420083573,0.5588985049840459,1.883573127208905,0.31607379416301934,-0.3161137235866077,0.07367542954938425
238,0.06427954666666667,0.23585406410256418,0.6293057807692308,0.06655643666666668,0.3165490316282051,0.5259249397435898,0.071457,0.25759774867948715,0.6435617653846153,2.1655773381622034,0.5605917319071229,1.8878231143883921,0.31604445159891675,-0.3163404671763512,0.07560032698528173
239,0.06384647487179487,0.23723365384615383,0.6300004371794871,0.0664306458974359,0.31823263291025644,0.5303486628205127,0.07137755230769231,0.25756076919230775,0.6433166102564103,2.162736021239126,0.5618575383173794,1.8925114990037766,0.31593059403481416,-0.317040338971223,0.07740825006220482
240,0.0633921705128205,0.23856101282051284,0.630739158974359,0.0663196003846154,0.31954285855128195,0.5344569987179488,0.07130308448717947,0.25755680637179484,0.6431255217948718,2.1605429562391265,0.5626342985737897,1.8956057041319816,0.3159725573681475,-0.31644447999686415,0.07911867313912792
241,0.06297945602564103,0.23979291025641025,0.6313402371794872,0.0660843203846154,0.32067647008974365,0.5388298948717948,0.07129773243589743,0.25749665508974356,0.6429114666666667,2.0782184257006655,0.5639356152404561,1.899183857978136,0.3159032387784039,-0.3159202364071205,0.08065387826733303
242,0.06262339935897436,0.24099953846153846,0.6318915833333333,0.06602991025641027,0.3217619265000001,0.5431234692307693,0.07120993384615384,0.2575339358589744,0.642774567948718,2.076658394623742,0.5653972370353281,1.9029436656704435,0.3157322615989168,-0.31563277486865904,0.08227789108784582
243,0.06229326487179489,0.24221364102564097,0.6324165012820513,0.06594734782051283,0.32280182521794876,0.5473673141025642,0.07114108153846156,0.2575663435512821,0.6426354217948718,2.0753726481622032,0.5656023626763537,1.9060193451576235,0.31539300390660907,-0.3159219799968641,0.08352113467758947
244,0.06200922717948719,0.24326974358974354,0.6328627256410256,0.06595660474358975,0.3236517226538462,0.551423532051282,0.07112244474358974,0.2575547409871795,0.642537805128205,2.073368131187844,0.5665520242148153,1.9086199605422387,0.31520403941942965,-0.3162096338430179,0.08478904493399964
245,0.06166641782051281,0.24432160256410257,0.6333844602564103,0.06590344461538461,0.3243160329102564,0.5557747602564103,0.07106348282051284,0.25757506021794874,0.6424027102564102,2.152722493033998,0.567376217804559,1.9117828066960847,0.3150705126245578,-0.3159597364071205,0.08609694236989711
246,0.0613536717948718,0.24531620512820515,0.6338611756410255,0.06588558192307693,0.32479561367948717,0.5598041769230769,0.07107443512820512,0.2575264589358974,0.6422619666666667,2.15217263508528,0.5683040408814819,1.9129846784909559,0.3146727614707117,-0.3158511466635308,0.0873968141647689
247,0.061089542051282066,0.2462359615384615,0.6342198128205129,0.0658951985897436,0.32504304701282055,0.5642066423076921,0.07109020025641027,0.25752039739743593,0.6420921666666667,2.1520485568801515,0.5702075511378921,1.9145442169524944,0.3144348686501988,-0.3158840825609667,0.08872139108784585
248,0.06078837141025643,0.24715274358974354,0.6346053025641024,0.06605506782051283,0.3252977726538462,0.5682381730769231,0.07108785064102566,0.25749624739743593,0.6419303743589743,2.072034604905793,0.5700587126763538,1.9161627682345466,0.3142167704450706,-0.3160213646122488,0.09004613467758943
249,0.06053949730769233,0.24801144871794875,0.63501085,0.06629537871794872,0.3254132982948718,0.5720610987179489,0.07108205217948718,0.2575032191923077,0.6418119038461538,2.071758847777588,0.5693904075481485,1.9165921272089053,0.31381176890660906,-0.3159914158943,0.09115599365194842
250,0.06043943756410256,0.24881235897435902,0.6353332769230767,0.0663558341025641,0.32526704444871785,0.5760734397435896,0.071107208974359,0.2575117730384615,0.6416767371794871,1.9911471560238698,0.5685644870353281,1.9166182938755718,0.3132734294194297,-0.3161616979455821,0.09219323724169194
251,0.060185116448717955,0.24960929487179484,0.6356639038461539,0.06670768192307694,0.3248402495769231,0.5799557038461537,0.07110544435897437,0.2575252679102563,0.6415685064102565,1.9915833673416905,0.5677150819071229,1.916869563106341,0.3127773750604552,-0.3165043389712231,0.09314432698528176
252,0.06008298041025641,0.25032429487179486,0.6359219025641025,0.06704537794871795,0.3245121649615384,0.5838830833333333,0.07117033448717947,0.25750108457692306,0.6414415448717949,1.991923540662204,0.568190199855841,1.9165733836191619,0.31237557711173725,-0.3161443646122487,0.09422691672887153
253,0.05990351221794874,0.2510175897435896,0.6361842217948718,0.06731312474358973,0.32404657649999996,0.5875946615384616,0.07125570564102567,0.2574594743205128,0.6412866628205129,1.9923737754698958,0.5680248037019948,1.9153854605422385,0.3118240710860963,-0.3159508133301974,0.09554123724169204
254,0.05969231797435899,0.2516785384615385,0.6364703884615385,0.06783280512820512,0.32322032393589745,0.5911583205128205,0.07126586884615385,0.25746790765384614,0.6411042320512821,1.9120169426481004,0.5665255960096871,1.913306806696084,0.31142626890660907,-0.31614255691994103,0.0967791090365638
255,0.059469832743589746,0.25232080769230764,0.6366956641025642,0.06834837166666666,0.3225846252179486,0.5946680141025641,0.07133216102564102,0.2573990550897436,0.6408969243589743,1.8312616621109208,0.5649060037019947,1.9116522169524954,0.310668029804045,-0.31659746717635134,0.09791094236989717
256,0.05940882117948721,0.25283141025641026,0.6368556333333335,0.06887524461538462,0.32153578675641026,0.5981369923076924,0.07142313666666666,0.2573626640641025,0.6407298641025642,1.831911991918614,0.5663113793430203,1.9076961272089057,0.310109947880968,-0.3166668133301974,0.09901076288271764
257,0.059232653653846154,0.253477641025641,0.6371275961538461,0.0693043317948718,0.3208668085512821,0.6013604064102563,0.07141014064102566,0.2573845691923077,0.6405637923076924,1.8333082434186134,0.5682673639584049,1.902222165670444,0.3092973295476347,-0.31741100563788976,0.10003978852374333
258,0.059102256920512845,0.2540737051282051,0.637340732051282,0.06999590461538462,0.31996544188461534,0.6043756089743589,0.07153089948717949,0.2573458038076923,0.6404042794871795,1.832503234918613,0.5599726537019947,1.9007807554140328,0.30876094711173724,-0.31658846717635125,0.10093544236989709
259,0.05904278087564105,0.2546013974358975,0.6375097012820513,0.0704295146153846,0.31876996752564096,0.6073436346153847,0.07153538602564104,0.25740756406410253,0.6403165089743589,1.9122628747519468,0.5570580165225076,1.8954047297730074,0.30777762390660907,-0.3166103646122488,0.10226976288271768
260,0.05899094398717949,0.2551417179487179,0.6376752012820511,0.07109039012820514,0.3174951367564103,0.6105454064102565,0.07155215358974358,0.25742744098717946,0.6401845743589744,1.8333367990981009,0.5520082049840462,1.8907270887473668,0.3069765662143014,-0.3164042364071205,0.10317266031861513
261,0.05895457548717949,0.25568023076923074,0.6378537358974358,0.07178844000000002,0.3161792482948718,0.613602,0.07162742846153848,0.2574391179102564,0.6400180692307692,1.5934455193109214,0.551497713958405,1.8870375887473665,0.3059922399322501,-0.31685008256096664,0.10414496801092281
262,0.05888789834615384,0.2561628717948718,0.6379824487179487,0.07203592807692308,0.3149697047051282,0.6163379858974358,0.07171835807692307,0.2574782063717949,0.6398849743589744,1.5961608874673314,0.5502583319071229,1.882629870798649,0.3051146582655834,-0.3173609799968641,0.10488671160066637
263,0.05883253238461539,0.2566486794871795,0.6381518615384615,0.0726555826923077,0.3137513341923077,0.6188711794871795,0.07167613782051284,0.25758631406410254,0.6397980487179488,1.4341347085981009,0.5487985960096872,1.8782761656704434,0.30411716929122445,-0.3175842492276334,0.1056951346775895
264,0.05877781903846154,0.2571138333333333,0.6382714820512819,0.07316834166666669,0.3123434329102564,0.6213697217948717,0.0716910498717949,0.2576540973974359,0.6396779294871795,1.4349016239570749,0.5550248472917383,1.8715112041319821,0.3028276465989168,-0.31812286461224876,0.10667305775451251
265,0.05879279865384617,0.2575656153846155,0.6383589217948719,0.07373472884615384,0.3110865982948718,0.6234220743589745,0.07177205179487181,0.2576829653461539,0.6395608217948718,1.358344153200665,0.558467410112251,1.864767806696085,0.3019446904450706,-0.31811449281737697,0.10740621160066638
266,0.058762327858974374,0.2581197692307692,0.6385136564102564,0.07433075833333333,0.3097761213717949,0.6257745474358974,0.07183429833333334,0.2577063973974359,0.6393661474358975,1.6009844925339982,0.5563171216507127,1.8596701913114693,0.30100524147071167,-0.3181770569199411,0.1084599423698971
267,0.05886160347435901,0.25858871794871796,0.6385738346153845,0.07512467884615384,0.3082727841923077,0.6281727423076924,0.07191094999999999,0.2577926538076923,0.6392502346153847,1.5194870255468185,0.5450013716507127,1.8548421272089046,0.2994925107014809,-0.3181619158943,0.10925545519040995
268,0.058958538141025654,0.25902770512820517,0.6386644641025641,0.07596759038461537,0.30678811624358976,0.6302454102564102,0.07205347743589743,0.25781876021794875,0.6391235538461538,1.3618706904570752,0.540394699855841,1.8483361528499311,0.2980641631373783,-0.31805969794558203,0.11018750647246126
269,0.0589971587948718,0.2595124743589744,0.638814741025641,0.07656275961538464,0.3055530136794872,0.6329077564102565,0.07207363794871795,0.2579159397051282,0.6390418435897436,1.204619841405793,0.5372362754968665,1.8408355887473669,0.29677849429122444,-0.31859490307378713,0.1113440192929741
270,0.059117734858974376,0.25993035897435895,0.6388586474358973,0.07706245320512822,0.3042222149615385,0.6349857243589744,0.07203821179487181,0.2580012191923077,0.6389367974358974,1.0463838426750236,0.5314189742148153,1.8350829349012128,0.29594064518866037,-0.3186628133301974,0.11215904493399968
271,0.059198744217948726,0.2603397948717948,0.6389747307692308,0.07789870576923076,0.30280477137179485,0.6367981000000001,0.07215841512820512,0.25806697688461544,0.6387954230769232,1.127819053431434,0.5267857485737896,1.8286568707986486,0.2944503913425065,-0.31929303127891534,0.11277589108784589
272,0.05928237724358976,0.2607203205128205,0.6390987384615385,0.07840591987179485,0.3013601085512821,0.6388411987179488,0.07218413448717949,0.2581851807307693,0.6387479666666667,0.968808453649383,0.5231679613943024,1.8211604349012127,0.29332592954763476,-0.319513056919941,0.11358933980579455
273,0.059356990033333334,0.26106146153846155,0.6392200833333334,0.07897287115384614,0.2999415816282052,0.6408975256410255,0.0722253728205128,0.25824851021794876,0.6386846923076923,0.7305320682968186,0.5211991344712255,1.8153979349012126,0.2919581560860963,-0.3197344799968641,0.11392001929297405
274,0.05955723338461539,0.2613481923076923,0.6392818115384616,0.07955233141025642,0.2984500239358975,0.6425424499999999,0.07225795307692308,0.25835398842307694,0.6386179128205128,0.4913435817520879,0.5178059883173792,1.8093723964396742,0.2909475995476347,-0.3200444030737871,0.11446835262630732
275,0.059681248166666666,0.2616860128205128,0.6393434333333333,0.08005088141025642,0.2972851072692308,0.6439301743589743,0.07230865782051285,0.25846072432051276,0.6385226089743591,0.4114342935019468,0.5144837178045589,1.8028616400294175,0.28989907070148085,-0.31994321076609494,0.11492753211348686
276,0.05985820867948718,0.26196934615384626,0.6393877871794872,0.08040861987179486,0.29582570598717944,0.6456764653846155,0.07241155358974358,0.25848795124358975,0.6383532128205127,0.17104496303015201,0.5124529767789179,1.7959421143883922,0.28857570544507066,-0.32021676204814625,0.11549960903656391
277,0.060568403922077914,0.26197049350649354,0.639283161038961,0.08053898896103899,0.2949373593116883,0.647030077922078,0.07264815324675324,0.25838922333766223,0.6382318766233765,0.2511259522235468,0.5281223851900403,1.822475241858342,0.2887898370747028,-0.33587386939366737,0.084529782432415
278,0.06073627233766236,0.26223549350649356,0.6393694831168831,0.08095602012987015,0.29353000346753244,0.6486253662337662,0.07262850584415584,0.2585038103506494,0.6381499103896103,0.25284373208068966,0.5258863280471832,1.8163021509492514,0.2876627599318456,-0.33668818108197907,0.08467014606877867
279,0.06102846796103896,0.26247375324675326,0.6393667000000001,0.08143106558441557,0.292229519051948,0.6497704545454547,0.07270722129870129,0.2585212467142857,0.6379981025974026,0.25405479319757285,0.5214720696056244,1.8095324236765238,0.2866130556461314,-0.3374951031599012,0.08480583438046695
280,0.06126132874025976,0.2626611818181818,0.6393813636363637,0.08181516818181819,0.29097882424675325,0.6505578467532466,0.07280838012987013,0.25847455580519474,0.6378479753246753,0.33828403947030006,0.5154257267484816,1.804046566533667,0.28560694252924823,-0.33797260965340775,0.08504482139345391
281,0.06153352422077922,0.26278011688311687,0.6393976311688312,0.08211176298701296,0.289719296974026,0.6516452545454545,0.07285201454545455,0.258540286974026,0.6377408987012988,0.3403406287040663,0.5109242254497806,1.7987133847154848,0.28486138239937814,-0.3381776875754856,0.08527741879605139
282,0.06178053324675325,0.2628766883116883,0.6394181831168831,0.08222005649350649,0.2886086112597402,0.6523454220779221,0.07288592038961039,0.2586239428181818,0.6376744753246752,0.34148728397679357,0.5071842722030272,1.793830280819381,0.2840869353863911,-0.33843876549756363,0.08565835386098646
283,0.06210063468831171,0.2629433506493507,0.6394102194805195,0.08256154480519481,0.28746709567532464,0.6527463324675326,0.07291715727272728,0.2587073064545454,0.6376032870129871,0.3431579222884819,0.5064982540212091,1.7903387873128873,0.2831680456461314,-0.33863977848457655,0.08584554866618123
284,0.062213658250000005,0.26272146052631584,0.6390883223684212,0.08229767434210528,0.2864721416710526,0.6533928381578947,0.07330131000000001,0.2586516565394737,0.6372331776315789,0.42852097731282046,0.5214096043488237,1.8184632016301323,0.28305706295774635,-0.3539498216693341,0.05388757881236754
285,0.06253180007894736,0.2628448289473685,0.6391248684210526,0.08259433486842105,0.2851278640394737,0.6540406394736842,0.07342599171052633,0.25867494074999997,0.6371874157894737,0.3480394100891363,0.520839466190929,1.8125404121564481,0.2819468940893253,-0.35428509798512353,0.053914486707104366
286,0.06287107506710528,0.2629594210526316,0.6391717828947368,0.08282843355263159,0.28377871930263154,0.6554142460526317,0.07339794671052634,0.2587478973289474,0.6372691855263158,0.34993049862860987,0.5194011675067184,1.808979977945922,0.28124208624722,-0.35487730851143945,0.053788341970262325
287,0.06315579076315792,0.26310225,0.6392135236842106,0.08297883750000003,0.28316768509210527,0.6578068986842105,0.07346473276315792,0.25879017759210526,0.6372007789473685,0.35030593652334674,0.5183465411909289,1.8047130568932903,0.2807848217735358,-0.35469688745880773,0.05379713144394644
288,0.06345167110526317,0.2632172236842105,0.639218330263158,0.08326215460526315,0.28137044298684216,0.6577704078947368,0.07350084421052631,0.25887649206578955,0.6371142263157894,0.35356491336545204,0.5162055464540868,1.7990488463669738,0.27965059282616744,-0.3548866506167025,0.05385390775973601
289,0.06380298334210525,0.2632855263157895,0.639198802631579,0.08314383618421055,0.2802932811447368,0.6578744368421053,0.0735473219736842,0.25892333285526314,0.6370330828947368,0.3572004091549257,0.5147391714540868,1.7971049384722373,0.27860412919458843,-0.3557648874588077,0.05390914460184124
290,0.06427865906578947,0.2633227894736842,0.6390988894736842,0.0831407282894737,0.2791001693026316,0.6583332171052632,0.07353697736842106,0.25899794338157894,0.6369841605263158,0.35890389112860993,0.5160842056646132,1.7943110832090798,0.2779229033130095,-0.355690874300913,0.05396414460184129
291,0.06462200607894737,0.26341559210526316,0.6390908184210525,0.08321381776315791,0.2779579995657895,0.6584766421052631,0.07355440828947368,0.25905484469736845,0.6369968236842105,0.2782490606417678,0.514909230664613,1.7905844911038162,0.2771907780893253,-0.3553348348272288,0.054123249864999126
292,0.06498086914473684,0.2634750394736842,0.6390807157894736,0.08311396118421055,0.2770392456184211,0.6584985749999999,0.0736217655263158,0.25911514075,0.636973414473684,0.11667315105032044,0.5139375135593499,1.787672741103816,0.2765728383524832,-0.35570463745880776,0.054031052496578066
293,0.06556718757333334,0.2629807066666667,0.6391932986666666,0.08257536066666668,0.27628599556000005,0.6588397706666667,0.07409338493333334,0.2590828866266666,0.637018756,0.196717918501808,0.5320601173518414,1.8159174936625038,0.2762245202510044,-0.37236227933901844,0.021967009762452215
294,0.06601291946666667,0.26309048,0.6391539466666667,0.08257832733333334,0.27523303155999995,0.6589835173333334,0.07414023546666668,0.2591146012933333,0.6370151920000001,0.19753412857780803,0.531894272018508,1.8120328269958372,0.2749103259710044,-0.3726993993390184,0.02157082309578548
295,0.06641925730666667,0.2631771466666667,0.6391637520000001,0.08279026333333334,0.2742049515600001,0.6594450266666666,0.07416076573333336,0.25917886129333334,0.6369613359999999,0.2000740051244747,0.530487948018508,1.80863288032917,0.274112179757671,-0.3735502793390184,0.021587983095785516
296,0.06679699838666667,0.26327927999999995,0.6391683386666666,0.08281670066666667,0.2731551808933334,0.659902968,0.07423360213333334,0.25927243996,0.63688934,0.2024479910844747,0.5292669413518414,1.8043438003291703,0.2734646121176711,-0.3742319326723518,0.021601849762452177
297,0.06726526220533334,0.26336681333333334,0.6391462400000001,0.082707526,0.2723198528933333,0.6594280466666667,0.0742727236,0.2593699466266667,0.6368783586666666,0.20477065765780797,0.526805304018508,1.8006255603291705,0.2725942370643377,-0.3750917726723518,0.02144100976245222
298,0.06606033955342466,0.263177602739726,0.6384688410958904,0.08124708287671234,0.27177516256164386,0.6603120561643836,0.07366968506849315,0.2591813763972603,0.6369591753424657,0.20333536920456785,0.5391757351877892,1.824294266683966,0.2703769236770299,-0.38588165182336814,-0.00279784691197776
299,0.06655393984931508,0.26324810958904105,0.6384536424657534,0.0813647691780822,0.2708838296849315,0.6605829260273972,0.0736986020547945,0.25929009283561644,0.6369629232876713,0.20582102935525282,0.5372706735439536,1.8202801023004043,0.269568137046893,-0.38588459702884753,-0.0028826140352653687
300,0.06692955773611112,0.26350069444444446,0.6389565791666667,0.0808795951388889,0.27023576481944445,0.6617671180555555,0.07427668875,0.25920743995833334,0.6377644638888889,0.20464163815964864,0.5527607866609183,1.8522306828989892,0.26910271570083044,-0.40371104287031767,-0.037758931696255486
301,0.06557828755633804,0.2632793943661973,0.6395346197183099,0.08038145704225352,0.2694646617887323,0.6619893,0.07372514422535212,0.2591380877042254,0.6379292957746479,0.2067441719793142,0.5463733568454806,1.8423805480446647,0.26756092878902876,-0.40054180585613175,-0.028356399737079773
302,0.06610711230985916,0.26335645070422536,0.6394998394366196,0.08059539647887325,0.26852916742253513,0.6619993873239439,0.07381908352112676,0.25921908347887324,0.6378811676056338,0.2086118845708635,0.5461427976905511,1.8396957311432567,0.2668440858453667,-0.4008843128983854,-0.028661709596234708
303,0.06300002776470591,0.26317655882352936,0.6395281941176472,0.07864063014705881,0.2678912090735294,0.6618306161764707,0.0718479580882353,0.2590486373088235,0.6383362323529411,0.20964867379655544,0.554672439702833,1.8559415602478957,0.2623187285614727,-0.40819160261157866,-0.04490965054842972
304,0.06346822947058826,0.2632135588235294,0.6395043323529412,0.07860212720588236,0.2669824928970587,0.6614826794117648,0.0719171942647059,0.25910391525,0.6383176338235295,0.21198250048773196,0.5534573926440093,1.8531210308361306,0.26156765809088445,-0.4083055731998139,-0.045304429960194514
305,0.06380096812121212,0.2626983484848485,0.6393975515151515,0.07741651136363638,0.26617234874242424,0.6619601575757575,0.07218240030303029,0.2588245293484848,0.6390128348484847,0.20788197392861005,0.59487888093254,1.9268654924007935,0.26252254559474775,-0.4494524543136566,-0.1230330568546252
306,0.06316743140625,0.26199962499999996,0.6391063062500001,0.07587911796875,0.26558410964062495,0.6617477593750001,0.07045199078125,0.258656936515625,0.638887971875,0.2056328282482206,0.613029068888565,1.9567139365889699,0.2610501357476751,-0.4665244940215755,-0.15356033295568053
307,0.06340788380952382,0.2617782222222222,0.6395808111111112,0.07528950396825397,0.265124959,0.6622275095238095,0.0701703353968254,0.258601999,0.6393824825396826,0.20146315241979945,0.6384038092023121,1.9963611689284413,0.2612645842521875,-0.49006609715774313,-0.1953135169320568
308,0.06467909629032259,0.2615761129032258,0.6404695596774194,0.0747346637096774,0.26464387930645156,0.662904885483871,0.07002510967741937,0.2585318683387096,0.6402072322580644,0.19850442801626797,0.6622107185584382,2.035982892633702,0.2622223236762003,-0.513396881040239,-0.23803851329476775
309,0.0644080518032787,0.26172773770491803,0.6410956655737704,0.07441059098360658,0.2640843909344262,0.6633118999999998,0.06974747213114756,0.25861311650819674,0.640956118032787,0.20160589273844626,0.659958495853544,2.0246197063235,0.25989344807353554,-0.510874323829792,-0.23040295284389944
310,0.0636924252542373,0.2613068813559322,0.6404494779661019,0.07266697711864406,0.263487736220339,0.6636962847457626,0.06968431406779661,0.25810459418644066,0.6409895915254238,0.19994013002784874,0.6804994341421472,2.0629794326944952,0.25803194130650037,-0.5292944133270643,-0.269533062376884
311,0.06271271965517243,0.2610755344827586,0.6408640948275861,0.07153306982758621,0.2629734299482759,0.6631719603448275,0.06809617965517242,0.2580131027068966,0.6408858275862069,0.20158502554620145,0.6786562122556844,2.0530949529555036,0.25576243330422016,-0.523841922679643,-0.26101030999031766
312,0.06327687344827587,0.2611763103448276,0.6408179931034483,0.07171131120689654,0.26254680236206895,0.6629802379310344,0.06815944931034484,0.2580727820172414,0.6408519293103448,0.20321021640827036,0.6769157191522361,2.0510159012313656,0.25492702002835804,-0.5238657330244706,-0.2612556720592831
313,0.06214998890909093,0.26059458181818185,0.6416154836363638,0.07056666454545456,0.2618085392181818,0.6634517709090909,0.06610072927272725,0.2576692570363636,0.6423552527272728,0.20485510694162729,0.6634010200028857,2.024167263613657,0.24589797827870025,-0.5097857618688505,-0.23368274321900412
314,0.06275104163636365,0.2607124545454545,0.6415308709090908,0.07068376636363635,0.26126808830909093,0.6631662363636365,0.06617970745454546,0.25773316612727276,0.6422928927272731,0.20659652239617274,0.6624764981847038,2.0218496999772935,0.24507073409688204,-0.510422016414305,-0.23392470685536773
315,0.06165916924528304,0.2603368113207547,0.641815037735849,0.06895983679245282,0.2608086256037736,0.6630534471698114,0.0651700241509434,0.25747399881132077,0.6429337867924529,0.20014890265871696,0.7168320649417681,2.119808998119747,0.2461722974604099,-0.5672770737717127,-0.3357441017388164
316,0.0595688498,0.25969236,0.639755308,0.06500295300000002,0.25984952514,0.6619854460000001,0.06253973759999999,0.25687813474,0.6416744479999998,0.19827466751092918,0.7422338741135447,2.159041841720646,0.24015685129121656,-0.586438813434055,-0.37513720496235664
317,0.06023532660000001,0.25979858000000006,0.63968,0.06504533500000001,0.25950186514,0.6616813659999999,0.0625785366,0.25692115874,0.6416192039999999,0.19937146371092915,0.7433075781135446,2.1576514617206457,0.23929842609121657,-0.5867603934340552,-0.37534840496235655
318,0.059432633673469404,0.2595800408163265,0.6393319183673469,0.0646814724489796,0.2590443281020408,0.661160287755102,0.062086062448979594,0.2566615676938775,0.6414215428571428,0.2009923643996544,0.7425207408595966,2.1515749760913527,0.23580180936983833,-0.5807748938943927,-0.36778748055755295
319,0.060035015918367345,0.25964534693877556,0.639242618367347,0.06466589693877552,0.2587748076938775,0.6607429795918367,0.062132710612244894,0.2566877227959184,0.6413707632653062,0.2015261913384299,0.7459473939208212,2.1503291393566584,0.23502810936983828,-0.5812312612413316,-0.3679433172922468
320,0.06069838367346939,0.25973661224489797,0.6391254163265306,0.06478454591836734,0.2583128505510204,0.6604123061224489,0.062195417346938765,0.2567422962653061,0.641321806122449,0.20247856542006254,0.7479293367779639,2.1482336903770665,0.23434500100249134,-0.5815971183841887,-0.3681687458636754
321,0.06128833938775511,0.25980559183673474,0.6390495346938776,0.06484075612244898,0.2578743587142857,0.6602532734693877,0.06224523510204083,0.2567840860612245,0.6412856469387754,0.2042022762363891,0.7478818020840866,2.1460551393566583,0.2335584320228995,-0.581721914302556,-0.36829623565959385
322,0.06184657102040817,0.25988869387755104,0.6389900224489796,0.06485081938775508,0.2575681872857143,0.6600989142857144,0.062314702448979596,0.2568309289183674,0.6412794897959184,0.20520252317516458,0.7478104326963314,2.1442381393566587,0.23284071100249135,-0.5817016694045969,-0.3681356030065326
323,0.06112140574468087,0.25902800000000004,0.6413208276595744,0.062189467021276604,0.2574836541914894,0.6623124276595744,0.06151877212765958,0.25678462908510635,0.643373155319149,0.20208547383363656,0.7757376929668244,2.1969086866322978,0.2288551534834027,-0.6077087964575477,-0.4221685341293273
324,0.061718942765957456,0.25913910638297877,0.6412444425531917,0.06241933297872341,0.2574464520638298,0.6620818319148937,0.06159652808510639,0.2568172716382979,0.6433252489361702,0.20285906957831742,0.7759125163710799,2.1954306866322972,0.22815425667489211,-0.6080971581596752,-0.4222506617889018
325,0.05760570209302326,0.25776258139534886,0.642398258139535,0.058813822093023264,0.2568097296976744,0.6603466860465117,0.05850434860465118,0.2554551701627907,0.642719918604651,0.19770974569423225,0.8047137239452854,2.2452705395313406,0.22225131110326227,-0.6345850773123075,-0.4702045874242143
326,0.058235776976744195,0.25790448837209307,0.6422859465116278,0.05882642209302325,0.25671111109302325,0.6602689883720929,0.058581489069767456,0.2554926166744185,0.6427198976744186,0.1983782712756276,0.8044870913871457,2.2436668186011084,0.22162210691721582,-0.6346240308006794,-0.47021537812188857
327,0.058017779047619046,0.25791819047619047,0.6423427428571428,0.05854606785714286,0.2562726630238095,0.6606553761904761,0.05772140261904763,0.25511669873809517,0.6439307333333334,0.1992402984497284,0.80140264347834,2.2378838795783724,0.21576879171432206,-0.6306530584178978,-0.4642281323438923
328,0.05951625195121953,0.2569765609756098,0.6426667878048781,0.0584145475609756,0.25580622553658533,0.6610777097560975,0.05601180048780488,0.2550635060243902,0.6450614804878049,0.19998617572988295,0.7973545712812995,2.230005967920381,0.3625709889405555,-0.6239611605530294,-0.45765353311331086
